n,micros,ax_g,ay_g,az_g,gx_dps,gy_dps,gz_dps,mx_ut,my_ut,mz_ut
1.0,3251820998.0,-0.02869,-0.45312,-0.88464,-0.1221,-0.1221,-0.3052,31.0,7.0,-6.0
2.0,3251836032.0,-0.02856,-0.45251,-0.88391,-0.1221,-0.061,-0.2441,31.0,7.0,-6.0
3.0,3251851041.0,-0.02844,-0.45239,-0.88403,-0.061,0.0,-0.2441,31.0,7.0,-6.0
4.0,3251866903.0,-0.02832,-0.45239,-0.8833,-0.061,-0.061,-0.2441,31.0,7.0,-6.0
5.0,3251878925.0,-0.02893,-0.45312,-0.88403,-0.061,-0.061,-0.2441,31.0,7.0,-6.0
6.0,3251891903.0,-0.0293,-0.45361,-0.8844,0.0,-0.061,-0.2441,31.0,7.0,-6.0
7.0,3251907895.0,-0.0282,-0.45251,-0.88293,0.0,-0.061,-0.2441,31.0,7.0,-6.0
8.0,3251923812.0,-0.0271,-0.45239,-0.88293,-0.1221,0.0,-0.2441,31.0,7.0,-6.0
9.0,3251940809.0,-0.02783,-0.45215,-0.88318,-0.1221,0.0,-0.2441,31.0,10.0,-4.0
10.0,3251956028.0,-0.02844,-0.45312,-0.88391,-0.1221,-0.061,-0.3052,31.0,10.0,-4.0
11.0,3251971043.0,-0.02856,-0.45337,-0.88354,-0.061,-0.061,-0.3052,31.0,10.0,-4.0
12.0,3251986904.0,-0.02783,-0.45264,-0.8844,0.0,-0.061,-0.2441,31.0,10.0,-4.0
13.0,3251999816.0,-0.02722,-0.45276,-0.88379,-0.061,-0.061,-0.2441,31.0,10.0,-4.0
14.0,3252015951.0,-0.02734,-0.453,-0.88318,-0.1221,-0.061,-0.3052,31.0,10.0,-4.0
15.0,3252032041.0,-0.02734,-0.45203,-0.88391,-0.1221,0.0,-0.3052,31.0,10.0,-4.0
16.0,3252046897.0,-0.0282,-0.45227,-0.88391,-0.1221,-0.061,-0.2441,31.0,10.0,-4.0
17.0,3252064714.0,-0.02795,-0.453,-0.88379,-0.1221,0.0,-0.2441,31.0,10.0,-4.0
18.0,3252079043.0,-0.02881,-0.45251,-0.88379,-0.061,0.0,-0.2441,31.0,10.0,-4.0
19.0,3252095035.0,-0.02881,-0.45251,-0.88403,-0.061,-0.061,-0.1831,31.0,10.0,-4.0
20.0,3252108859.0,-0.02881,-0.45276,-0.88354,-0.1221,0.0,-0.2441,31.0,10.0,-4.0
21.0,3252120964.0,-0.0282,-0.45312,-0.88403,-0.1221,0.0,-0.2441,31.0,10.0,-4.0
22.0,3252134957.0,-0.02771,-0.45288,-0.88379,-0.061,0.061,-0.2441,31.0,10.0,-4.0
23.0,3252148860.0,-0.02869,-0.45276,-0.88342,-0.061,0.061,-0.2441,31.0,10.0,-4.0
24.0,3252163817.0,-0.02869,-0.45227,-0.88306,0.0,0.0,-0.1831,31.0,10.0,-4.0
25.0,3252177513.0,-0.02832,-0.4519,-0.88269,-0.061,-0.061,-0.2441,32.0,10.0,-11.0
26.0,3252192555.0,-0.02893,-0.45361,-0.88538,-0.061,0.0,-0.2441,32.0,10.0,-11.0
27.0,3252208547.0,-0.0282,-0.453,-0.88403,-0.1221,0.0,-0.2441,32.0,10.0,-11.0
28.0,3252223540.0,-0.02795,-0.453,-0.8833,-0.1221,0.0,-0.2441,32.0,10.0,-11.0
29.0,3252234781.0,-0.02795,-0.45264,-0.88318,-0.1221,0.0,-0.2441,32.0,10.0,-11.0
30.0,3252249818.0,-0.0282,-0.45251,-0.88428,-0.061,0.0,-0.3052,32.0,10.0,-11.0
31.0,3252264770.0,-0.0282,-0.453,-0.88477,-0.061,0.0,-0.3052,32.0,10.0,-11.0
32.0,3252277703.0,-0.02905,-0.45251,-0.88464,-0.061,-0.061,-0.3052,32.0,10.0,-11.0
33.0,3252292490.0,-0.02881,-0.45264,-0.8844,-0.1221,-0.1221,-0.2441,32.0,9.0,-11.0
34.0,3252308531.0,-0.02747,-0.45227,-0.88257,-0.061,-0.061,-0.1831,32.0,9.0,-11.0
35.0,3252322930.0,-0.02783,-0.45227,-0.88379,-0.1221,-0.061,-0.2441,32.0,9.0,-11.0
36.0,3252337047.0,-0.0293,-0.45288,-0.88525,-0.1221,-0.061,-0.3052,32.0,9.0,-11.0
37.0,3252349860.0,-0.02979,-0.45239,-0.8844,-0.1221,-0.061,-0.2441,32.0,9.0,-11.0
38.0,3252365899.0,-0.02893,-0.45166,-0.88379,-0.1221,-0.061,-0.2441,32.0,9.0,-11.0
39.0,3252382044.0,-0.02844,-0.45312,-0.88379,-0.1221,-0.061,-0.3052,32.0,9.0,-11.0
40.0,3252397861.0,-0.02832,-0.45325,-0.8833,-0.061,0.0,-0.2441,32.0,9.0,-11.0
41.0,3252412538.0,-0.02832,-0.45276,-0.88269,-0.061,-0.061,-0.2441,31.0,10.0,-14.0
42.0,3252427516.0,-0.02856,-0.45312,-0.88403,-0.061,-0.1221,-0.2441,31.0,10.0,-14.0
43.0,3252442300.0,-0.02869,-0.45288,-0.88452,-0.061,-0.061,-0.2441,31.0,10.0,-14.0
44.0,3252458039.0,-0.02881,-0.45251,-0.8844,-0.1221,0.0,-0.2441,31.0,10.0,-14.0
45.0,3252472863.0,-0.02893,-0.45264,-0.88452,-0.1831,0.0,-0.2441,31.0,10.0,-14.0
46.0,3252485772.0,-0.02893,-0.45288,-0.88464,-0.1221,-0.061,-0.3052,31.0,10.0,-14.0
47.0,3252502045.0,-0.02856,-0.45288,-0.88257,-0.061,-0.061,-0.2441,31.0,10.0,-14.0
48.0,3252517905.0,-0.02783,-0.453,-0.88306,-0.061,-0.061,-0.2441,31.0,10.0,-14.0
49.0,3252530716.0,-0.02771,-0.45312,-0.88538,-0.061,0.0,-0.1831,31.0,9.0,-10.0
50.0,3252545714.0,-0.02795,-0.45337,-0.88562,-0.061,-0.061,-0.2441,31.0,9.0,-10.0
51.0,3252560027.0,-0.02881,-0.45312,-0.8844,-0.061,-0.061,-0.1831,31.0,9.0,-10.0
52.0,3252576910.0,-0.02893,-0.45276,-0.88342,-0.1221,-0.061,-0.2441,31.0,9.0,-10.0
53.0,3252592864.0,-0.02905,-0.45276,-0.88354,-0.1221,-0.061,-0.3052,31.0,9.0,-10.0
54.0,3252608800.0,-0.02844,-0.45349,-0.8833,-0.1221,-0.061,-0.2441,31.0,9.0,-10.0
55.0,3252620934.0,-0.02783,-0.45398,-0.88403,-0.1221,-0.061,-0.1831,31.0,9.0,-10.0
56.0,3252633957.0,-0.02783,-0.45447,-0.8844,-0.061,0.0,-0.2441,31.0,9.0,-10.0
57.0,3252649628.0,-0.02832,-0.45422,-0.88403,-0.061,0.0,-0.2441,34.0,9.0,-10.0
58.0,3252665937.0,-0.02832,-0.453,-0.88367,-0.1221,-0.061,-0.2441,34.0,9.0,-10.0
59.0,3252681844.0,-0.02856,-0.453,-0.88477,-0.061,0.0,-0.3052,34.0,9.0,-10.0
60.0,3252696773.0,-0.0282,-0.45276,-0.88562,-0.061,-0.061,-0.3052,34.0,9.0,-10.0
61.0,3252712036.0,-0.02808,-0.45288,-0.8844,-0.1221,0.0,-0.3052,34.0,9.0,-10.0
62.0,3252724959.0,-0.02795,-0.45276,-0.88428,-0.1831,0.061,-0.3052,34.0,9.0,-10.0
63.0,3252736935.0,-0.0282,-0.453,-0.88452,-0.1221,0.0,-0.2441,34.0,9.0,-10.0
64.0,3252752042.0,-0.02881,-0.45239,-0.8844,-0.061,0.0,-0.2441,34.0,9.0,-10.0
65.0,3252769722.0,-0.02832,-0.45239,-0.88464,-0.1221,-0.061,-0.2441,31.0,10.0,-12.0
66.0,3252784821.0,-0.02771,-0.45215,-0.88452,-0.061,0.0,-0.2441,31.0,10.0,-12.0
67.0,3252798844.0,-0.02893,-0.45239,-0.88379,-0.061,0.0,-0.2441,31.0,10.0,-12.0
68.0,3252813017.0,-0.02905,-0.45276,-0.88354,-0.061,0.0,-0.3052,31.0,10.0,-12.0
69.0,3252828030.0,-0.02795,-0.45337,-0.88342,-0.061,-0.061,-0.2441,31.0,10.0,-12.0
70.0,3252844051.0,-0.02808,-0.45349,-0.88342,-0.1221,0.0,-0.2441,31.0,10.0,-12.0
71.0,3252858960.0,-0.02917,-0.453,-0.88464,-0.1831,0.0,-0.2441,31.0,10.0,-12.0
72.0,3252870936.0,-0.0293,-0.45276,-0.88403,-0.1221,0.0,-0.2441,31.0,10.0,-12.0
73.0,3252886630.0,-0.02856,-0.45288,-0.88342,-0.061,0.0,-0.2441,31.0,9.0,-12.0
74.0,3252899551.0,-0.02771,-0.453,-0.88379,-0.061,-0.061,-0.2441,31.0,9.0,-12.0
75.0,3252914533.0,-0.0282,-0.45349,-0.88367,-0.1221,-0.061,-0.1831,31.0,9.0,-12.0
76.0,3252927512.0,-0.02832,-0.45312,-0.88391,-0.061,-0.061,-0.2441,31.0,9.0,-12.0
77.0,3252942297.0,-0.02881,-0.45312,-0.8833,-0.061,-0.061,-0.3052,31.0,9.0,-12.0
78.0,3252954038.0,-0.02893,-0.45325,-0.88391,-0.061,-0.061,-0.2441,31.0,9.0,-12.0
79.0,3252965938.0,-0.02893,-0.45288,-0.88489,-0.061,0.0,-0.2441,31.0,9.0,-12.0
80.0,3252976940.0,-0.02881,-0.45239,-0.88293,-0.061,-0.061,-0.2441,31.0,9.0,-12.0
81.0,3252992716.0,-0.02844,-0.45251,-0.88293,-0.061,-0.061,-0.2441,31.0,8.0,-10.0
82.0,3253005756.0,-0.02771,-0.45349,-0.88379,-0.1221,0.0,-0.2441,31.0,8.0,-10.0
83.0,3253018643.0,-0.02783,-0.45398,-0.8844,-0.1221,0.0,-0.2441,31.0,8.0,-10.0
84.0,3253034309.0,-0.02881,-0.45337,-0.88306,-0.1221,0.0,-0.2441,31.0,8.0,-10.0
85.0,3253046046.0,-0.02832,-0.453,-0.88306,-0.1221,0.0,-0.2441,31.0,8.0,-10.0
86.0,3253058869.0,-0.02759,-0.45288,-0.88379,-0.061,-0.061,-0.3052,31.0,8.0,-10.0
87.0,3253072807.0,-0.02759,-0.45398,-0.88562,-0.1221,0.0,-0.3052,31.0,8.0,-10.0
88.0,3253087940.0,-0.02747,-0.45349,-0.88501,-0.1221,0.0,-0.2441,31.0,8.0,-10.0
89.0,3253102632.0,-0.02783,-0.4519,-0.88306,-0.1221,0.0,-0.2441,31.0,10.0,-7.0
90.0,3253118321.0,-0.02856,-0.45239,-0.88477,-0.061,0.061,-0.1831,31.0,10.0,-7.0
91.0,3253130028.0,-0.02869,-0.45325,-0.88501,-0.061,0.061,-0.2441,31.0,10.0,-7.0
92.0,3253145046.0,-0.02808,-0.45264,-0.88379,-0.061,0.0,-0.2441,31.0,10.0,-7.0
93.0,3253157912.0,-0.02747,-0.45227,-0.88293,-0.1221,0.0,-0.3052,31.0,10.0,-7.0
94.0,3253171780.0,-0.02832,-0.45288,-0.88232,-0.1221,0.0,-0.2441,31.0,10.0,-7.0
95.0,3253184706.0,-0.02844,-0.45276,-0.88281,-0.1221,-0.061,-0.2441,31.0,10.0,-7.0
96.0,3253197706.0,-0.02881,-0.45251,-0.8833,-0.1221,-0.061,-0.2441,31.0,10.0,-7.0
97.0,3253214501.0,-0.02832,-0.45349,-0.88501,-0.1221,0.0,-0.3052,35.0,9.0,-8.0
98.0,3253227962.0,-0.02759,-0.45325,-0.88489,-0.061,0.0,-0.2441,35.0,9.0,-8.0
99.0,3253242851.0,-0.02747,-0.453,-0.88416,-0.1221,0.0,-0.1831,35.0,9.0,-8.0
100.0,3253258787.0,-0.02844,-0.45312,-0.88477,-0.061,0.0,-0.2441,35.0,9.0,-8.0
101.0,3253272760.0,-0.02783,-0.45361,-0.88391,-0.061,-0.061,-0.2441,35.0,9.0,-8.0
102.0,3253288787.0,-0.02759,-0.45361,-0.8833,-0.061,-0.061,-0.2441,35.0,9.0,-8.0
103.0,3253298914.0,-0.02808,-0.45251,-0.88391,-0.1221,0.0,-0.2441,35.0,9.0,-8.0
104.0,3253312807.0,-0.02795,-0.45264,-0.88379,-0.1221,0.0,-0.2441,35.0,9.0,-8.0
105.0,3253329525.0,-0.02795,-0.45325,-0.8844,-0.061,-0.061,-0.2441,34.0,9.0,-8.0
106.0,3253345024.0,-0.02832,-0.45337,-0.88428,0.0,-0.061,-0.2441,34.0,9.0,-8.0
107.0,3253356943.0,-0.02881,-0.45288,-0.88428,-0.061,-0.1221,-0.2441,34.0,9.0,-8.0
108.0,3253368943.0,-0.0293,-0.45276,-0.88428,-0.1221,0.0,-0.1831,34.0,9.0,-8.0
109.0,3253382872.0,-0.02881,-0.45239,-0.88416,-0.1221,0.0,-0.2441,34.0,9.0,-8.0
110.0,3253394945.0,-0.02759,-0.453,-0.88477,-0.1221,-0.061,-0.2441,34.0,9.0,-8.0
111.0,3253406944.0,-0.02686,-0.45312,-0.88464,-0.061,-0.061,-0.1831,34.0,9.0,-8.0
112.0,3253418943.0,-0.02771,-0.45264,-0.88403,-0.1221,-0.061,-0.3052,34.0,9.0,-8.0
113.0,3253434819.0,-0.02771,-0.45251,-0.8844,-0.1221,-0.061,-0.3052,33.0,10.0,-8.0
114.0,3253448789.0,-0.02722,-0.45312,-0.88452,-0.061,0.0,-0.3052,33.0,10.0,-8.0
115.0,3253463762.0,-0.02869,-0.45337,-0.88416,-0.061,0.0,-0.3052,33.0,10.0,-8.0
116.0,3253477698.0,-0.02856,-0.45264,-0.88354,-0.061,0.0,-0.2441,33.0,10.0,-8.0
117.0,3253493646.0,-0.02856,-0.4519,-0.88452,-0.061,-0.061,-0.2441,33.0,10.0,-8.0
118.0,3253507756.0,-0.02795,-0.45215,-0.88452,-0.061,0.0,-0.2441,33.0,10.0,-8.0
119.0,3253520653.0,-0.02747,-0.45203,-0.88428,-0.1221,0.0,-0.1831,33.0,10.0,-8.0
120.0,3253536682.0,-0.0282,-0.45264,-0.88416,-0.1221,-0.061,-0.1831,33.0,10.0,-8.0
121.0,3253553480.0,-0.02832,-0.4541,-0.88477,-0.061,0.0,-0.2441,32.0,11.0,-13.0
122.0,3253567999.0,-0.02905,-0.45386,-0.88525,-0.1221,0.0,-0.2441,32.0,11.0,-13.0
123.0,3253583853.0,-0.02832,-0.45215,-0.88354,-0.1221,-0.061,-0.2441,32.0,11.0,-13.0
124.0,3253598044.0,-0.02856,-0.453,-0.88403,-0.061,-0.061,-0.2441,32.0,11.0,-13.0
125.0,3253611918.0,-0.02856,-0.45398,-0.88513,-0.061,-0.061,-0.2441,32.0,11.0,-13.0
126.0,3253625898.0,-0.02808,-0.45251,-0.88452,-0.1221,0.0,-0.2441,32.0,11.0,-13.0
127.0,3253640996.0,-0.02795,-0.45264,-0.88306,-0.1221,0.0,-0.2441,32.0,11.0,-13.0
128.0,3253656028.0,-0.02856,-0.45349,-0.88379,-0.061,0.0,-0.2441,32.0,11.0,-13.0
129.0,3253672803.0,-0.02808,-0.45349,-0.8833,-0.061,-0.061,-0.1831,32.0,8.0,-10.0
130.0,3253688039.0,-0.02771,-0.453,-0.88342,-0.061,0.0,-0.2441,32.0,8.0,-10.0
131.0,3253701947.0,-0.02759,-0.45288,-0.88403,-0.061,0.061,-0.3052,32.0,8.0,-10.0
132.0,3253717947.0,-0.02747,-0.453,-0.8844,-0.061,-0.061,-0.2441,32.0,8.0,-10.0
133.0,3253731857.0,-0.02795,-0.45251,-0.88391,-0.1221,-0.061,-0.2441,32.0,8.0,-10.0
134.0,3253744812.0,-0.02856,-0.453,-0.88428,-0.1221,0.0,-0.2441,32.0,8.0,-10.0
135.0,3253756750.0,-0.02905,-0.45227,-0.8855,-0.061,0.0,-0.2441,32.0,8.0,-10.0
136.0,3253769677.0,-0.02869,-0.4519,-0.88562,-0.061,0.0,-0.2441,32.0,8.0,-10.0
137.0,3253785994.0,-0.02747,-0.45288,-0.88379,-0.061,-0.1221,-0.2441,33.0,11.0,-13.0
138.0,3253799857.0,-0.02698,-0.45312,-0.88428,-0.1221,-0.061,-0.2441,33.0,11.0,-13.0
139.0,3253811926.0,-0.02771,-0.45312,-0.88525,-0.1831,0.0,-0.2441,33.0,11.0,-13.0
140.0,3253822969.0,-0.02869,-0.45374,-0.88477,-0.1831,-0.061,-0.2441,33.0,11.0,-13.0
141.0,3253835919.0,-0.0282,-0.45349,-0.88428,-0.061,-0.061,-0.3052,33.0,11.0,-13.0
142.0,3253852040.0,-0.02795,-0.45312,-0.88379,0.0,-0.1221,-0.3052,33.0,11.0,-13.0
143.0,3253865948.0,-0.0282,-0.45288,-0.88379,0.0,-0.1221,-0.2441,33.0,11.0,-13.0
144.0,3253882038.0,-0.02759,-0.45264,-0.8844,-0.061,-0.061,-0.1831,33.0,11.0,-13.0
145.0,3253896642.0,-0.02917,-0.45227,-0.8844,-0.061,-0.1221,-0.2441,33.0,9.0,-6.0
146.0,3253912322.0,-0.02917,-0.45203,-0.88452,-0.1221,-0.061,-0.2441,33.0,9.0,-6.0
147.0,3253924857.0,-0.02881,-0.45288,-0.88367,-0.061,0.0,-0.2441,33.0,9.0,-6.0
148.0,3253937836.0,-0.02893,-0.45312,-0.88416,0.0,-0.061,-0.1831,33.0,9.0,-6.0
149.0,3253952813.0,-0.02844,-0.45276,-0.88464,-0.061,-0.061,-0.2441,33.0,9.0,-6.0
150.0,3253969045.0,-0.02747,-0.45166,-0.88281,-0.1221,0.0,-0.3052,33.0,9.0,-6.0
151.0,3253982921.0,-0.02844,-0.45276,-0.88367,-0.1221,0.061,-0.3052,33.0,9.0,-6.0
152.0,3253994949.0,-0.02795,-0.45276,-0.88342,-0.061,0.0,-0.3052,33.0,9.0,-6.0
153.0,3254008644.0,-0.02747,-0.45276,-0.88318,-0.061,0.061,-0.3052,32.0,9.0,-12.0
154.0,3254020846.0,-0.02832,-0.45251,-0.8833,-0.061,0.061,-0.3052,32.0,9.0,-12.0
155.0,3254034940.0,-0.0293,-0.45239,-0.88599,-0.1221,-0.061,-0.2441,32.0,9.0,-12.0
156.0,3254050037.0,-0.02942,-0.45325,-0.88635,-0.1221,-0.061,-0.2441,32.0,9.0,-12.0
157.0,3254063951.0,-0.02905,-0.45349,-0.88562,-0.1221,-0.061,-0.2441,32.0,9.0,-12.0
158.0,3254079027.0,-0.02942,-0.45215,-0.88354,-0.1221,-0.061,-0.3052,32.0,9.0,-12.0
159.0,3254091840.0,-0.02893,-0.45203,-0.88391,-0.061,-0.061,-0.3052,32.0,9.0,-12.0
160.0,3254108305.0,-0.02771,-0.45239,-0.88403,-0.061,-0.1221,-0.2441,32.0,9.0,-12.0
161.0,3254121600.0,-0.0282,-0.45264,-0.88379,-0.1221,-0.061,-0.2441,31.0,9.0,-9.0
162.0,3254136565.0,-0.02869,-0.45264,-0.88379,-0.1221,0.0,-0.2441,31.0,9.0,-9.0
163.0,3254146615.0,-0.02869,-0.45251,-0.88379,-0.1221,0.0,-0.2441,31.0,9.0,-9.0
164.0,3254159529.0,-0.0293,-0.45239,-0.88354,-0.1221,0.0,-0.2441,31.0,9.0,-9.0
165.0,3254175035.0,-0.02759,-0.45276,-0.88428,-0.061,0.0,-0.2441,31.0,9.0,-9.0
166.0,3254187904.0,-0.02783,-0.45312,-0.88489,-0.1221,0.0,-0.1831,31.0,9.0,-9.0
167.0,3254201859.0,-0.0282,-0.453,-0.88477,-0.061,0.0,-0.2441,31.0,9.0,-9.0
168.0,3254214951.0,-0.0282,-0.45312,-0.8833,-0.061,0.0,-0.2441,31.0,9.0,-9.0
169.0,3254228738.0,-0.02783,-0.45349,-0.88416,-0.061,0.0,-0.2441,34.0,11.0,-9.0
170.0,3254243694.0,-0.02808,-0.45337,-0.8855,-0.061,0.0,-0.3052,34.0,11.0,-9.0
171.0,3254259004.0,-0.02808,-0.45264,-0.88416,-0.061,-0.061,-0.3052,34.0,11.0,-9.0
172.0,3254274862.0,-0.0282,-0.45178,-0.88293,-0.061,-0.061,-0.2441,34.0,11.0,-9.0
173.0,3254288839.0,-0.02905,-0.45166,-0.88379,-0.1221,0.061,-0.2441,34.0,11.0,-9.0
174.0,3254303839.0,-0.02881,-0.4519,-0.88477,-0.1831,0.061,-0.2441,34.0,11.0,-9.0
175.0,3254319000.0,-0.02844,-0.45227,-0.8833,-0.1221,0.0,-0.2441,34.0,11.0,-9.0
176.0,3254331926.0,-0.02881,-0.45239,-0.88293,-0.1221,0.0,-0.2441,34.0,11.0,-9.0
177.0,3254346602.0,-0.0293,-0.45325,-0.8844,-0.1221,0.0,-0.3052,32.0,7.0,-12.0
178.0,3254362930.0,-0.02893,-0.45312,-0.88367,-0.061,0.0,-0.2441,32.0,7.0,-12.0
179.0,3254377906.0,-0.02893,-0.45374,-0.88403,-0.061,0.061,-0.2441,32.0,7.0,-12.0
180.0,3254389929.0,-0.0282,-0.45349,-0.88354,-0.061,0.061,-0.2441,32.0,7.0,-12.0
181.0,3254403932.0,-0.02747,-0.45239,-0.88367,-0.1221,0.0,-0.3052,32.0,7.0,-12.0
182.0,3254416840.0,-0.0282,-0.45129,-0.88403,-0.1221,0.0,-0.2441,32.0,7.0,-12.0
183.0,3254428930.0,-0.02808,-0.45227,-0.88477,-0.1221,0.0,-0.2441,32.0,7.0,-12.0
184.0,3254440000.0,-0.02771,-0.45374,-0.88525,-0.1221,0.0,-0.3052,32.0,7.0,-12.0
185.0,3254455756.0,-0.02771,-0.45386,-0.88513,-0.061,-0.061,-0.2441,32.0,8.0,-13.0
186.0,3254471008.0,-0.02881,-0.45203,-0.88391,-0.1221,-0.061,-0.1831,32.0,8.0,-13.0
187.0,3254486037.0,-0.02881,-0.45251,-0.88428,-0.061,-0.061,-0.2441,32.0,8.0,-13.0
188.0,3254497931.0,-0.02905,-0.45215,-0.88367,-0.061,-0.061,-0.2441,32.0,8.0,-13.0
189.0,3254511930.0,-0.0293,-0.45178,-0.88293,-0.061,-0.061,-0.2441,32.0,8.0,-13.0
190.0,3254524907.0,-0.02881,-0.45203,-0.88269,0.0,-0.061,-0.2441,32.0,8.0,-13.0
191.0,3254536931.0,-0.0282,-0.45276,-0.88391,-0.061,-0.061,-0.2441,32.0,8.0,-13.0
192.0,3254549932.0,-0.02795,-0.45227,-0.88477,-0.061,-0.061,-0.2441,32.0,8.0,-13.0
193.0,3254563260.0,-0.02783,-0.45142,-0.8844,-0.061,0.0,-0.2441,31.0,10.0,-15.0
194.0,3254575845.0,-0.0282,-0.45129,-0.88428,-0.1221,0.0,-0.2441,31.0,10.0,-15.0
195.0,3254591002.0,-0.02905,-0.45166,-0.88367,-0.1831,0.0,-0.2441,31.0,10.0,-15.0
196.0,3254603929.0,-0.02893,-0.45117,-0.88269,-0.1221,0.061,-0.2441,31.0,10.0,-15.0
197.0,3254620868.0,-0.02893,-0.45142,-0.88354,-0.061,0.0,-0.2441,31.0,10.0,-15.0
198.0,3254636891.0,-0.02808,-0.45276,-0.88501,-0.061,-0.061,-0.2441,31.0,10.0,-15.0
199.0,3254653029.0,-0.02856,-0.453,-0.88477,-0.1221,0.0,-0.2441,31.0,10.0,-15.0
200.0,3254668930.0,-0.02881,-0.45264,-0.88403,-0.061,0.0,-0.2441,31.0,10.0,-15.0
201.0,3254685678.0,-0.02844,-0.45227,-0.88428,-0.061,-0.061,-0.2441,32.0,10.0,-11.0
202.0,3254701033.0,-0.02893,-0.45166,-0.8844,-0.061,-0.061,-0.2441,32.0,10.0,-11.0
203.0,3254715910.0,-0.02869,-0.45239,-0.88367,-0.1221,-0.061,-0.2441,32.0,10.0,-11.0
204.0,3254727934.0,-0.02734,-0.45288,-0.88269,-0.1221,-0.061,-0.2441,32.0,10.0,-11.0
205.0,3254739934.0,-0.02747,-0.45227,-0.88318,-0.1221,-0.061,-0.2441,32.0,10.0,-11.0
206.0,3254753922.0,-0.02747,-0.45178,-0.88306,-0.1221,0.0,-0.1831,32.0,10.0,-11.0
207.0,3254766935.0,-0.02808,-0.45178,-0.88318,-0.061,0.0,-0.2441,32.0,10.0,-11.0
208.0,3254783032.0,-0.02783,-0.45288,-0.8855,-0.061,0.0,-0.3052,32.0,10.0,-11.0
209.0,3254797681.0,-0.02832,-0.45251,-0.88464,-0.1221,-0.061,-0.2441,34.0,8.0,-10.0
210.0,3254809782.0,-0.02905,-0.4519,-0.88477,-0.1221,-0.061,-0.2441,34.0,8.0,-10.0
211.0,3254825754.0,-0.02869,-0.45288,-0.8844,-0.1221,-0.061,-0.2441,34.0,8.0,-10.0
212.0,3254840996.0,-0.02795,-0.45312,-0.88489,-0.1831,-0.061,-0.2441,34.0,8.0,-10.0
213.0,3254856846.0,-0.02783,-0.45203,-0.88452,-0.1221,-0.061,-0.2441,34.0,8.0,-10.0
214.0,3254871003.0,-0.02844,-0.45251,-0.88354,-0.061,-0.061,-0.2441,34.0,8.0,-10.0
215.0,3254886011.0,-0.0282,-0.45288,-0.88416,-0.061,0.0,-0.2441,34.0,8.0,-10.0
216.0,3254899847.0,-0.02856,-0.45215,-0.88403,-0.1221,0.0,-0.1831,34.0,8.0,-10.0
217.0,3254914683.0,-0.02783,-0.45264,-0.88354,-0.1221,-0.061,-0.2441,33.0,9.0,-9.0
218.0,3254930036.0,-0.02917,-0.45215,-0.88293,-0.061,-0.061,-0.2441,33.0,9.0,-9.0
219.0,3254942845.0,-0.02917,-0.4519,-0.88318,-0.1831,0.0,-0.2441,33.0,9.0,-9.0
220.0,3254955935.0,-0.02869,-0.45178,-0.88342,-0.1831,0.0,-0.2441,33.0,9.0,-9.0
221.0,3254968938.0,-0.02771,-0.45215,-0.88452,-0.1221,-0.061,-0.2441,33.0,9.0,-9.0
222.0,3254985010.0,-0.02795,-0.45312,-0.88501,-0.1221,-0.1221,-0.1831,33.0,9.0,-9.0
223.0,3254997847.0,-0.02759,-0.45374,-0.8844,-0.1831,-0.1221,-0.1831,33.0,9.0,-9.0
224.0,3255010825.0,-0.02771,-0.45276,-0.88318,-0.061,0.0,-0.2441,33.0,9.0,-9.0
225.0,3255026967.0,-0.02808,-0.45239,-0.88367,-0.061,0.0,-0.3052,31.0,11.0,-6.0
226.0,3255041848.0,-0.02856,-0.45251,-0.8844,-0.1221,0.0,-0.2441,31.0,11.0,-6.0
227.0,3255055800.0,-0.02832,-0.453,-0.88391,-0.061,0.0,-0.1831,31.0,11.0,-6.0
228.0,3255070848.0,-0.02698,-0.45215,-0.88489,-0.061,-0.061,-0.2441,31.0,11.0,-6.0
229.0,3255086204.0,-0.02747,-0.4519,-0.88501,-0.061,-0.061,-0.3052,31.0,11.0,-6.0
230.0,3255098877.0,-0.02844,-0.45264,-0.88428,-0.061,-0.061,-0.3052,31.0,11.0,-6.0
231.0,3255112827.0,-0.02771,-0.45386,-0.88367,-0.061,-0.061,-0.3052,31.0,11.0,-6.0
232.0,3255128991.0,-0.02759,-0.45276,-0.88342,-0.061,-0.061,-0.2441,31.0,11.0,-6.0
233.0,3255145611.0,-0.02856,-0.45166,-0.88306,-0.061,-0.061,-0.2441,32.0,8.0,-9.0
234.0,3255159585.0,-0.03015,-0.45178,-0.88574,-0.061,-0.061,-0.2441,32.0,8.0,-9.0
235.0,3255173544.0,-0.02966,-0.45325,-0.88574,-0.061,-0.061,-0.2441,32.0,8.0,-9.0
236.0,3255183598.0,-0.0293,-0.45398,-0.88452,-0.061,-0.061,-0.2441,32.0,8.0,-9.0
237.0,3255197990.0,-0.0293,-0.45264,-0.88257,-0.061,0.0,-0.1831,32.0,8.0,-9.0
238.0,3255213004.0,-0.02917,-0.45251,-0.88403,-0.061,0.0,-0.2441,32.0,8.0,-9.0
239.0,3255228877.0,-0.02893,-0.45227,-0.88538,-0.1221,-0.061,-0.3052,32.0,8.0,-9.0
240.0,3255245019.0,-0.02832,-0.45264,-0.88428,-0.1221,-0.061,-0.3052,32.0,8.0,-9.0
241.0,3255258636.0,-0.02747,-0.45215,-0.88342,-0.061,0.0,-0.3052,33.0,9.0,-12.0
242.0,3255274312.0,-0.02734,-0.45251,-0.88403,-0.061,0.0,-0.3052,33.0,9.0,-12.0
243.0,3255286003.0,-0.02783,-0.45264,-0.88416,-0.061,-0.061,-0.2441,33.0,9.0,-12.0
244.0,3255295936.0,-0.02722,-0.45215,-0.88293,-0.1221,-0.061,-0.2441,33.0,9.0,-12.0
245.0,3255306934.0,-0.02832,-0.45203,-0.88293,-0.1221,-0.061,-0.2441,33.0,9.0,-12.0
246.0,3255325851.0,-0.02844,-0.45142,-0.88306,-0.1221,0.0,-0.1831,33.0,9.0,-12.0
247.0,3255339761.0,-0.02795,-0.45264,-0.88391,-0.061,-0.061,-0.1831,33.0,9.0,-12.0
248.0,3255355788.0,-0.0271,-0.45276,-0.88477,-0.061,-0.061,-0.2441,33.0,9.0,-12.0
249.0,3255371775.0,-0.02856,-0.45227,-0.8844,-0.061,0.0,-0.2441,30.0,13.0,-5.0
250.0,3255390787.0,-0.02808,-0.45239,-0.88269,-0.061,-0.061,-0.2441,30.0,13.0,-5.0
251.0,3255400830.0,-0.02783,-0.453,-0.88269,-0.061,0.0,-0.3052,30.0,13.0,-5.0
252.0,3255414740.0,-0.0282,-0.45349,-0.88318,-0.1221,0.0,-0.2441,30.0,13.0,-5.0
253.0,3255429277.0,-0.02673,-0.45337,-0.88428,-0.061,0.0,-0.2441,30.0,13.0,-5.0
254.0,3255439992.0,-0.02698,-0.45227,-0.88403,-0.061,-0.061,-0.2441,30.0,13.0,-5.0
255.0,3255453928.0,-0.02844,-0.45178,-0.88354,-0.061,-0.061,-0.2441,30.0,13.0,-5.0
256.0,3255465923.0,-0.02966,-0.45215,-0.88354,-0.061,-0.061,-0.3052,30.0,13.0,-5.0
257.0,3255480689.0,-0.02808,-0.45264,-0.88428,-0.061,0.0,-0.3052,33.0,9.0,-11.0
258.0,3255496295.0,-0.02722,-0.45251,-0.88318,-0.061,-0.061,-0.2441,33.0,9.0,-11.0
259.0,3255504934.0,-0.02783,-0.45251,-0.88293,-0.1221,-0.061,-0.2441,33.0,9.0,-11.0
260.0,3255510594.0,-0.02808,-0.45288,-0.88403,-0.1221,-0.061,-0.2441,33.0,9.0,-11.0
261.0,3255531298.0,-0.02795,-0.45276,-0.88403,-0.1831,0.0,-0.2441,33.0,9.0,-11.0
262.0,3255542991.0,-0.02808,-0.45215,-0.88318,-0.1221,0.0,-0.2441,33.0,9.0,-11.0
263.0,3255554853.0,-0.02747,-0.45178,-0.88403,-0.1221,-0.061,-0.1831,33.0,9.0,-11.0
264.0,3255570929.0,-0.02808,-0.4519,-0.88538,-0.1221,-0.061,-0.1831,33.0,9.0,-11.0
265.0,3255587777.0,-0.02832,-0.45178,-0.88525,-0.1221,-0.061,-0.3052,31.0,11.0,-8.0
266.0,3255599922.0,-0.02844,-0.45166,-0.88391,-0.1221,-0.061,-0.3052,31.0,11.0,-8.0
267.0,3255615992.0,-0.02844,-0.45325,-0.88489,-0.061,-0.061,-0.2441,31.0,11.0,-8.0
268.0,3255628879.0,-0.02881,-0.45337,-0.88513,-0.1221,-0.061,-0.2441,31.0,11.0,-8.0
269.0,3255644993.0,-0.02844,-0.45215,-0.88318,-0.1221,-0.061,-0.2441,31.0,11.0,-8.0
270.0,3255661000.0,-0.02905,-0.45325,-0.88416,-0.1221,0.0,-0.3052,31.0,11.0,-8.0
271.0,3255675854.0,-0.02893,-0.45276,-0.88477,-0.1221,0.0,-0.3052,31.0,11.0,-8.0
272.0,3255690743.0,-0.0282,-0.45239,-0.88489,-0.1221,0.0,-0.2441,31.0,11.0,-8.0
273.0,3255706493.0,-0.02869,-0.453,-0.88342,-0.1221,0.0,-0.2441,32.0,10.0,-10.0
274.0,3255716572.0,-0.02881,-0.453,-0.88318,-0.1221,0.0,-0.2441,32.0,10.0,-10.0
275.0,3255722171.0,-0.02832,-0.45276,-0.8833,-0.1221,0.0,-0.2441,32.0,10.0,-10.0
276.0,3255738206.0,-0.02783,-0.45276,-0.88293,-0.1221,-0.1221,-0.1831,32.0,10.0,-10.0
277.0,3255750835.0,-0.0282,-0.45251,-0.88257,-0.061,-0.061,-0.2441,32.0,10.0,-10.0
278.0,3255764930.0,-0.02869,-0.45203,-0.88452,0.0,0.0,-0.3052,32.0,10.0,-10.0
279.0,3255779793.0,-0.0282,-0.45178,-0.88464,-0.1221,0.0,-0.3052,32.0,10.0,-10.0
280.0,3255792794.0,-0.02747,-0.45215,-0.88379,-0.1221,0.0,-0.2441,32.0,10.0,-10.0
281.0,3255806577.0,-0.02771,-0.45264,-0.88428,-0.061,-0.061,-0.1831,30.0,11.0,-13.0
282.0,3255823198.0,-0.02832,-0.45325,-0.8833,-0.061,-0.1221,-0.2441,30.0,11.0,-13.0
283.0,3255836938.0,-0.02844,-0.45288,-0.88208,-0.1221,0.0,-0.3052,30.0,11.0,-13.0
284.0,3255848862.0,-0.0282,-0.45251,-0.88416,-0.1221,0.0,-0.3052,30.0,11.0,-13.0
285.0,3255864934.0,-0.0282,-0.45251,-0.88428,-0.1221,0.0,-0.2441,30.0,11.0,-13.0
286.0,3255878883.0,-0.02832,-0.45227,-0.88367,0.0,0.0,-0.2441,30.0,11.0,-13.0
287.0,3255895007.0,-0.02869,-0.453,-0.88416,0.0,0.0,-0.3052,30.0,11.0,-13.0
288.0,3255910997.0,-0.0293,-0.45264,-0.88525,-0.061,0.0,-0.3052,30.0,11.0,-13.0
289.0,3255926771.0,-0.0293,-0.45239,-0.88489,-0.1221,0.0,-0.2441,31.0,10.0,-6.0
290.0,3255940812.0,-0.02905,-0.45264,-0.88367,-0.1831,-0.061,-0.3052,31.0,10.0,-6.0
291.0,3255952996.0,-0.02869,-0.453,-0.8833,-0.1221,-0.061,-0.2441,31.0,10.0,-6.0
292.0,3255963948.0,-0.02954,-0.45312,-0.8844,-0.061,0.0,-0.2441,31.0,10.0,-6.0
293.0,3255981883.0,-0.0293,-0.45337,-0.8844,-0.1221,-0.061,-0.3052,31.0,10.0,-6.0
294.0,3255994883.0,-0.02808,-0.45312,-0.8833,-0.061,-0.061,-0.2441,31.0,10.0,-6.0
295.0,3256007838.0,-0.02783,-0.45264,-0.88391,-0.061,-0.061,-0.2441,31.0,10.0,-6.0
296.0,3256022816.0,-0.02844,-0.45288,-0.8855,-0.1221,-0.061,-0.2441,31.0,10.0,-6.0
297.0,3256039667.0,-0.02905,-0.45215,-0.88452,-0.061,-0.061,-0.2441,30.0,10.0,-7.0
298.0,3256052556.0,-0.02881,-0.45203,-0.88428,-0.1221,-0.061,-0.2441,30.0,10.0,-7.0
299.0,3256068511.0,-0.02844,-0.45227,-0.88452,-0.1221,0.0,-0.1831,30.0,10.0,-7.0
300.0,3256084303.0,-0.02783,-0.45215,-0.88318,-0.1221,0.0,-0.3052,30.0,10.0,-7.0
301.0,3256095905.0,-0.02856,-0.45227,-0.88354,-0.1221,-0.061,-0.3052,30.0,10.0,-7.0
302.0,3256108199.0,-0.02869,-0.45276,-0.88354,-0.1221,-0.061,-0.3052,30.0,10.0,-7.0
303.0,3256122837.0,-0.02808,-0.453,-0.88391,-0.061,-0.061,-0.2441,30.0,10.0,-7.0
304.0,3256138786.0,-0.02808,-0.45215,-0.88318,0.0,0.0,-0.2441,30.0,10.0,-7.0
305.0,3256160673.0,-0.02759,-0.45288,-0.88379,-0.1221,-0.061,-0.2441,33.0,8.0,-11.0
306.0,3256174679.0,-0.02832,-0.45288,-0.88391,-0.1831,-0.061,-0.2441,33.0,8.0,-11.0
307.0,3256189998.0,-0.02832,-0.45312,-0.8844,-0.1221,-0.061,-0.2441,33.0,8.0,-11.0
308.0,3256205273.0,-0.02856,-0.45264,-0.88428,-0.061,-0.061,-0.2441,33.0,8.0,-11.0
309.0,3256217839.0,-0.02844,-0.45203,-0.8844,-0.061,-0.061,-0.2441,33.0,8.0,-11.0
310.0,3256233818.0,-0.02771,-0.45142,-0.88477,-0.1221,0.0,-0.2441,33.0,8.0,-11.0
311.0,3256242941.0,-0.02832,-0.45178,-0.8844,-0.1221,0.061,-0.2441,33.0,8.0,-11.0
312.0,3256255866.0,-0.02844,-0.45251,-0.88489,-0.1221,-0.061,-0.2441,33.0,8.0,-11.0
313.0,3256270603.0,-0.02832,-0.45276,-0.88464,-0.061,-0.1221,-0.2441,30.0,10.0,-13.0
314.0,3256286297.0,-0.02771,-0.45276,-0.88391,-0.061,-0.061,-0.2441,30.0,10.0,-13.0
315.0,3256298822.0,-0.02808,-0.45337,-0.88416,-0.061,0.0,-0.2441,30.0,10.0,-13.0
316.0,3256314802.0,-0.02942,-0.45215,-0.88269,-0.061,0.0,-0.2441,30.0,10.0,-13.0
317.0,3256329820.0,-0.02954,-0.45239,-0.88391,-0.1221,-0.061,-0.3052,30.0,10.0,-13.0
318.0,3256344819.0,-0.02869,-0.45374,-0.88501,-0.061,-0.061,-0.2441,30.0,10.0,-13.0
319.0,3256357820.0,-0.02795,-0.45349,-0.88489,-0.061,0.0,-0.1831,30.0,10.0,-13.0
320.0,3256373303.0,-0.02795,-0.45325,-0.88293,-0.061,0.0,-0.1831,30.0,10.0,-13.0
321.0,3256385778.0,-0.02783,-0.45325,-0.88318,-0.061,-0.061,-0.1831,33.0,9.0,-12.0
322.0,3256401002.0,-0.02759,-0.45325,-0.88452,-0.1221,-0.061,-0.2441,33.0,9.0,-12.0
323.0,3256418867.0,-0.02661,-0.45154,-0.88489,-0.1221,0.0,-0.3052,33.0,9.0,-12.0
324.0,3256434889.0,-0.02905,-0.45178,-0.88293,-0.1221,0.0,-0.3662,33.0,9.0,-12.0
325.0,3256451042.0,-0.02942,-0.45227,-0.88354,-0.1221,0.0,-0.2441,33.0,9.0,-12.0
326.0,3256464216.0,-0.02844,-0.45203,-0.88428,-0.061,0.0,-0.2441,33.0,9.0,-12.0
327.0,3256479288.0,-0.02795,-0.45166,-0.88416,-0.061,0.0,-0.2441,33.0,9.0,-12.0
328.0,3256489979.0,-0.0282,-0.45129,-0.88342,-0.1221,-0.061,-0.1831,33.0,9.0,-12.0
329.0,3256506156.0,-0.02856,-0.45166,-0.88257,-0.1221,-0.1221,-0.2441,30.0,10.0,-10.0
330.0,3256521870.0,-0.02759,-0.45129,-0.88306,-0.1221,-0.061,-0.2441,30.0,10.0,-10.0
331.0,3256537271.0,-0.02673,-0.45215,-0.88379,-0.1221,0.0,-0.2441,30.0,10.0,-10.0
332.0,3256549003.0,-0.02722,-0.45276,-0.88403,-0.1831,0.0,-0.2441,30.0,10.0,-10.0
333.0,3256561822.0,-0.0282,-0.45264,-0.88428,-0.1221,0.0,-0.3052,30.0,10.0,-10.0
334.0,3256574822.0,-0.02795,-0.453,-0.88513,-0.1221,0.0,-0.3052,30.0,10.0,-10.0
335.0,3256590823.0,-0.0271,-0.45361,-0.88489,0.061,0.0,-0.2441,30.0,10.0,-10.0
336.0,3256604807.0,-0.02734,-0.45312,-0.88428,0.0,-0.061,-0.2441,30.0,10.0,-10.0
337.0,3256617586.0,-0.02844,-0.45215,-0.88513,-0.061,-0.061,-0.1831,32.0,7.0,-9.0
338.0,3256630530.0,-0.02771,-0.45227,-0.88501,-0.1221,0.0,-0.1831,32.0,7.0,-9.0
339.0,3256644981.0,-0.02771,-0.45239,-0.88379,-0.1221,0.0,-0.3052,32.0,7.0,-9.0
340.0,3256660823.0,-0.02795,-0.45166,-0.88367,-0.061,-0.061,-0.3052,32.0,7.0,-9.0
341.0,3256676004.0,-0.02832,-0.45154,-0.88354,-0.061,-0.061,-0.2441,32.0,7.0,-9.0
342.0,3256689894.0,-0.02869,-0.45288,-0.88416,-0.061,0.0,-0.1831,32.0,7.0,-9.0
343.0,3256703824.0,-0.02905,-0.45325,-0.8844,-0.061,0.0,-0.3052,32.0,7.0,-9.0
344.0,3256719823.0,-0.02783,-0.45154,-0.88281,-0.1221,-0.061,-0.2441,32.0,7.0,-9.0
345.0,3256736766.0,-0.02893,-0.45251,-0.88416,-0.1221,-0.061,-0.2441,32.0,9.0,-6.0
346.0,3256752297.0,-0.02856,-0.45288,-0.88501,0.0,-0.061,-0.2441,32.0,9.0,-6.0
347.0,3256764005.0,-0.02869,-0.45325,-0.88574,-0.061,-0.061,-0.3052,32.0,9.0,-6.0
348.0,3256779006.0,-0.02881,-0.453,-0.88501,-0.061,-0.061,-0.2441,32.0,9.0,-6.0
349.0,3256792872.0,-0.02856,-0.45337,-0.88416,-0.061,-0.061,-0.2441,32.0,9.0,-6.0
350.0,3256806805.0,-0.02783,-0.45312,-0.88306,-0.1221,0.0,-0.2441,32.0,9.0,-6.0
351.0,3256819762.0,-0.02783,-0.45251,-0.8833,-0.1221,0.0,-0.2441,32.0,9.0,-6.0
352.0,3256834266.0,-0.02734,-0.45215,-0.88403,-0.1221,0.0,-0.2441,32.0,9.0,-6.0
353.0,3256846774.0,-0.02795,-0.45178,-0.88269,-0.1221,0.0,-0.1831,32.0,10.0,-9.0
354.0,3256861983.0,-0.0282,-0.45239,-0.88318,-0.061,-0.061,-0.2441,32.0,10.0,-9.0
355.0,3256877911.0,-0.02783,-0.4541,-0.88428,-0.061,-0.061,-0.2441,32.0,10.0,-9.0
356.0,3256892986.0,-0.02832,-0.45325,-0.8844,-0.1221,-0.061,-0.3052,32.0,10.0,-9.0
357.0,3256908984.0,-0.02759,-0.45264,-0.88501,-0.1221,-0.061,-0.3052,32.0,10.0,-9.0
358.0,3256921984.0,-0.0271,-0.45276,-0.88489,-0.1221,-0.061,-0.2441,32.0,10.0,-9.0
359.0,3256937007.0,-0.02844,-0.45288,-0.88464,-0.1221,0.0,-0.2441,32.0,10.0,-9.0
360.0,3256951985.0,-0.02771,-0.45239,-0.88367,-0.1221,-0.061,-0.3052,32.0,10.0,-9.0
361.0,3256969059.0,-0.02905,-0.45203,-0.8833,-0.061,-0.061,-0.3052,31.0,9.0,-10.0
362.0,3256978911.0,-0.02893,-0.45251,-0.88367,-0.1221,-0.061,-0.3052,31.0,9.0,-10.0
363.0,3256992828.0,-0.0282,-0.45325,-0.88379,-0.1221,-0.061,-0.4272,31.0,9.0,-10.0
364.0,3257005824.0,-0.02771,-0.45251,-0.88354,-0.061,-0.1831,-0.5493,31.0,9.0,-10.0
365.0,3257021985.0,-0.02966,-0.44873,-0.88477,-0.061,-0.3052,-0.7935,31.0,9.0,-10.0
366.0,3257037009.0,-0.0293,-0.45337,-0.88501,-0.061,-0.8545,-1.8921,31.0,9.0,-10.0
367.0,3257053290.0,-0.02747,-0.45581,-0.8833,-0.3052,-0.8545,-1.8921,31.0,9.0,-10.0
368.0,3257064985.0,-0.02686,-0.45654,-0.88232,-0.3052,-0.3662,-0.9766,31.0,9.0,-10.0
369.0,3257080781.0,-0.02795,-0.4519,-0.88501,-0.1831,-0.061,-0.2441,33.0,10.0,-11.0
370.0,3257095986.0,-0.02808,-0.45251,-0.88489,-0.061,0.0,-0.1221,33.0,10.0,-11.0
371.0,3257112382.0,-0.02832,-0.45264,-0.88452,-0.061,0.0,-0.2441,33.0,10.0,-11.0
372.0,3257127401.0,-0.02893,-0.45251,-0.88464,-0.061,-0.061,-0.3052,33.0,10.0,-11.0
373.0,3257141987.0,-0.02942,-0.45239,-0.88403,-0.061,-0.061,-0.2441,33.0,10.0,-11.0
374.0,3257158270.0,-0.02856,-0.45203,-0.88489,-0.061,-0.061,-0.2441,33.0,10.0,-11.0
375.0,3257170830.0,-0.02893,-0.45166,-0.88501,-0.1221,0.0,-0.3052,33.0,10.0,-11.0
376.0,3257182862.0,-0.02869,-0.45178,-0.88452,-0.1221,0.0,-0.3052,33.0,10.0,-11.0
377.0,3257199273.0,-0.02808,-0.45215,-0.88416,-0.1221,0.0,-0.2441,32.0,8.0,-8.0
378.0,3257211854.0,-0.02844,-0.45276,-0.88379,-0.1221,-0.061,-0.1831,32.0,8.0,-8.0
379.0,3257224798.0,-0.02869,-0.45276,-0.88306,-0.061,0.0,-0.1831,32.0,8.0,-8.0
380.0,3257236855.0,-0.02844,-0.45276,-0.88354,0.0,0.061,-0.2441,32.0,8.0,-8.0
381.0,3257252830.0,-0.02722,-0.45349,-0.88452,-0.061,0.0,-0.3052,32.0,8.0,-8.0
382.0,3257267797.0,-0.02759,-0.453,-0.8844,-0.061,0.0,-0.3052,32.0,8.0,-8.0
383.0,3257279855.0,-0.02771,-0.45276,-0.88452,-0.061,0.0,-0.3052,32.0,8.0,-8.0
384.0,3257292876.0,-0.02747,-0.45288,-0.88477,0.0,0.061,-0.2441,32.0,8.0,-8.0
385.0,3257309037.0,-0.02783,-0.45264,-0.8833,0.0,0.0,-0.2441,32.0,7.0,-10.0
386.0,3257325291.0,-0.02759,-0.45276,-0.88257,-0.1221,-0.061,-0.2441,32.0,7.0,-10.0
387.0,3257336989.0,-0.02856,-0.45227,-0.88391,-0.1221,-0.061,-0.2441,32.0,7.0,-10.0
388.0,3257350857.0,-0.0282,-0.45251,-0.88354,-0.061,-0.061,-0.2441,32.0,7.0,-10.0
389.0,3257366990.0,-0.02759,-0.45239,-0.8844,-0.1221,-0.061,-0.3052,32.0,7.0,-10.0
390.0,3257379893.0,-0.02771,-0.45166,-0.8844,-0.1221,-0.1221,-0.3052,32.0,7.0,-10.0
391.0,3257392891.0,-0.02832,-0.45166,-0.8844,-0.1221,-0.1221,-0.2441,32.0,7.0,-10.0
392.0,3257408833.0,-0.02795,-0.45203,-0.88257,-0.1221,-0.061,-0.1831,32.0,7.0,-10.0
393.0,3257424594.0,-0.02722,-0.45239,-0.88306,-0.061,0.0,-0.2441,33.0,8.0,-8.0
394.0,3257437494.0,-0.02771,-0.45276,-0.88477,-0.061,0.0,-0.2441,33.0,8.0,-8.0
395.0,3257453990.0,-0.02832,-0.4519,-0.88354,-0.061,-0.061,-0.2441,33.0,8.0,-8.0
396.0,3257469888.0,-0.02832,-0.45239,-0.88379,-0.061,-0.061,-0.1831,33.0,8.0,-8.0
397.0,3257485833.0,-0.02832,-0.45215,-0.88428,0.0,0.0,-0.2441,33.0,8.0,-8.0
398.0,3257500991.0,-0.02832,-0.45227,-0.88379,-0.061,-0.061,-0.1831,33.0,8.0,-8.0
399.0,3257516014.0,-0.02808,-0.45276,-0.88293,-0.1221,-0.061,-0.2441,33.0,8.0,-8.0
400.0,3257530810.0,-0.02795,-0.453,-0.8833,-0.1221,0.0,-0.2441,33.0,8.0,-8.0
401.0,3257543574.0,-0.02869,-0.45251,-0.88354,-0.1221,0.0,-0.2441,32.0,10.0,-13.0
402.0,3257559538.0,-0.02844,-0.45215,-0.88391,-0.1221,0.0,-0.2441,32.0,10.0,-13.0
403.0,3257575492.0,-0.02795,-0.45215,-0.88416,-0.061,-0.061,-0.2441,32.0,10.0,-13.0
404.0,3257588493.0,-0.02795,-0.45227,-0.88452,-0.061,-0.061,-0.2441,32.0,10.0,-13.0
405.0,3257600715.0,-0.0282,-0.45166,-0.88269,-0.061,0.0,-0.3052,32.0,10.0,-13.0
406.0,3257612895.0,-0.02844,-0.45227,-0.88245,-0.1221,0.0,-0.3662,32.0,10.0,-13.0
407.0,3257627992.0,-0.0282,-0.45239,-0.88379,-0.1221,0.0,-0.3052,32.0,10.0,-13.0
408.0,3257640835.0,-0.02747,-0.45227,-0.88342,-0.061,-0.061,-0.2441,32.0,10.0,-13.0
409.0,3257654575.0,-0.02759,-0.45227,-0.88293,-0.061,-0.061,-0.1221,32.0,8.0,-12.0
410.0,3257669993.0,-0.02783,-0.45312,-0.88403,-0.1221,0.0,-0.1831,32.0,8.0,-12.0
411.0,3257685379.0,-0.02795,-0.45227,-0.88501,-0.1221,0.0,-0.2441,32.0,8.0,-12.0
412.0,3257700256.0,-0.02734,-0.45142,-0.88416,-0.061,-0.1221,-0.3052,32.0,8.0,-12.0
413.0,3257715017.0,-0.02759,-0.45178,-0.88428,-0.1221,-0.061,-0.2441,32.0,8.0,-12.0
414.0,3257727837.0,-0.02869,-0.45251,-0.88464,-0.061,-0.061,-0.2441,32.0,8.0,-12.0
415.0,3257742815.0,-0.02795,-0.45215,-0.8844,0.0,-0.061,-0.2441,32.0,8.0,-12.0
416.0,3257756969.0,-0.02722,-0.45154,-0.8833,0.0,0.0,-0.2441,32.0,8.0,-12.0
417.0,3257772665.0,-0.02795,-0.45227,-0.8844,-0.061,0.0,-0.2441,33.0,11.0,-10.0
418.0,3257787262.0,-0.02832,-0.45239,-0.88428,-0.1221,0.0,-0.2441,33.0,11.0,-10.0
419.0,3257798995.0,-0.02869,-0.45264,-0.88391,-0.1221,0.0,-0.2441,33.0,11.0,-10.0
420.0,3257814862.0,-0.02783,-0.45264,-0.88403,-0.1221,0.0,-0.2441,33.0,11.0,-10.0
421.0,3257828995.0,-0.02771,-0.45203,-0.88354,-0.061,-0.061,-0.2441,33.0,11.0,-10.0
422.0,3257845275.0,-0.02869,-0.45154,-0.88367,-0.061,-0.061,-0.2441,33.0,11.0,-10.0
423.0,3257856995.0,-0.02881,-0.45178,-0.88391,-0.061,-0.061,-0.1831,33.0,11.0,-10.0
424.0,3257869838.0,-0.0282,-0.45374,-0.88477,-0.061,-0.061,-0.3052,33.0,11.0,-10.0
425.0,3257886579.0,-0.02881,-0.45312,-0.88464,-0.061,0.0,-0.3052,32.0,10.0,-12.0
426.0,3257899515.0,-0.02905,-0.45264,-0.88367,-0.1221,0.061,-0.2441,32.0,10.0,-12.0
427.0,3257915283.0,-0.0282,-0.45312,-0.8844,-0.1221,0.0,-0.1831,32.0,10.0,-12.0
428.0,3257927890.0,-0.0282,-0.45337,-0.88477,-0.1221,-0.061,-0.2441,32.0,10.0,-12.0
429.0,3257940815.0,-0.02795,-0.45227,-0.88367,-0.1221,0.0,-0.2441,32.0,10.0,-12.0
430.0,3257955812.0,-0.02795,-0.45264,-0.88379,-0.1221,0.0,-0.2441,32.0,10.0,-12.0
431.0,3257968996.0,-0.02808,-0.45276,-0.88403,-0.1221,0.0,-0.1831,32.0,10.0,-12.0
432.0,3257983994.0,-0.02771,-0.45215,-0.88428,-0.1221,0.0,-0.1831,32.0,10.0,-12.0
433.0,3257999769.0,-0.02734,-0.4519,-0.88306,-0.1221,0.0,-0.2441,32.0,8.0,-9.0
434.0,3258014996.0,-0.02795,-0.4519,-0.88293,-0.1221,0.0,-0.2441,32.0,8.0,-9.0
435.0,3258023896.0,-0.02795,-0.4519,-0.88403,-0.1221,-0.061,-0.1831,32.0,8.0,-9.0
436.0,3258037905.0,-0.02771,-0.45264,-0.88464,-0.061,-0.1221,-0.1831,32.0,8.0,-9.0
437.0,3258053414.0,-0.02893,-0.45276,-0.88342,-0.061,-0.061,-0.2441,32.0,8.0,-9.0
438.0,3258068972.0,-0.0282,-0.4519,-0.88354,-0.061,0.061,-0.1831,32.0,8.0,-9.0
439.0,3258085881.0,-0.02734,-0.45203,-0.88525,-0.061,0.0,-0.1831,32.0,8.0,-9.0
440.0,3258099796.0,-0.02795,-0.45166,-0.88416,-0.1221,0.0,-0.2441,32.0,8.0,-9.0
441.0,3258115505.0,-0.02844,-0.45288,-0.88391,-0.1831,0.061,-0.3052,31.0,8.0,-8.0
442.0,3258130500.0,-0.02844,-0.45227,-0.88477,-0.1831,0.0,-0.3052,31.0,8.0,-8.0
443.0,3258146269.0,-0.02832,-0.45203,-0.88416,-0.1221,-0.061,-0.2441,31.0,8.0,-8.0
444.0,3258157999.0,-0.02808,-0.45264,-0.88403,-0.1221,-0.061,-0.1831,31.0,8.0,-8.0
445.0,3258171909.0,-0.02747,-0.45227,-0.88354,-0.1221,-0.061,-0.2441,31.0,8.0,-8.0
446.0,3258188396.0,-0.02759,-0.45264,-0.88293,-0.1221,-0.061,-0.2441,31.0,8.0,-8.0
447.0,3258203981.0,-0.02808,-0.45288,-0.88525,-0.1221,0.0,-0.2441,31.0,8.0,-8.0
448.0,3258220817.0,-0.02893,-0.45166,-0.88416,-0.061,-0.061,-0.2441,31.0,8.0,-8.0
449.0,3258238670.0,-0.02905,-0.45215,-0.88367,-0.061,-0.061,-0.2441,30.0,8.0,-8.0
450.0,3258252972.0,-0.02832,-0.45361,-0.88513,-0.061,-0.061,-0.2441,30.0,8.0,-8.0
451.0,3258265903.0,-0.0282,-0.45337,-0.88538,-0.061,-0.061,-0.2441,30.0,8.0,-8.0
452.0,3258279867.0,-0.02808,-0.453,-0.88452,-0.061,-0.061,-0.1831,30.0,8.0,-8.0
453.0,3258295819.0,-0.02905,-0.45178,-0.88403,-0.1831,0.0,-0.2441,30.0,8.0,-8.0
454.0,3258310710.0,-0.02869,-0.45178,-0.88403,-0.1831,0.0,-0.3052,30.0,8.0,-8.0
455.0,3258326907.0,-0.02722,-0.45239,-0.88293,-0.1221,-0.061,-0.3052,30.0,8.0,-8.0
456.0,3258338975.0,-0.02747,-0.45227,-0.88354,-0.061,0.0,-0.3052,30.0,8.0,-8.0
457.0,3258355584.0,-0.02869,-0.45276,-0.88416,-0.061,-0.1221,-0.2441,31.0,7.0,-10.0
458.0,3258371539.0,-0.02832,-0.45264,-0.88391,-0.061,-0.1221,-0.2441,31.0,7.0,-10.0
459.0,3258387504.0,-0.02844,-0.45154,-0.88293,-0.061,-0.061,-0.2441,31.0,7.0,-10.0
460.0,3258401471.0,-0.02917,-0.45129,-0.88281,-0.1221,0.061,-0.3052,31.0,7.0,-10.0
461.0,3258415495.0,-0.02734,-0.45227,-0.88391,-0.061,0.061,-0.2441,31.0,7.0,-10.0
462.0,3258428503.0,-0.02673,-0.45264,-0.88391,-0.061,0.061,-0.1831,31.0,7.0,-10.0
463.0,3258445187.0,-0.02893,-0.45325,-0.8844,-0.1221,0.0,-0.2441,31.0,7.0,-10.0
464.0,3258459823.0,-0.02905,-0.453,-0.88513,-0.1221,-0.061,-0.2441,31.0,7.0,-10.0
465.0,3258473775.0,-0.02881,-0.45264,-0.8844,-0.1221,-0.061,-0.2441,32.0,10.0,-9.0
466.0,3258488980.0,-0.02844,-0.45312,-0.88281,-0.1221,0.0,-0.2441,32.0,10.0,-9.0
467.0,3258503849.0,-0.02795,-0.45312,-0.8833,-0.1831,0.0,-0.2441,32.0,10.0,-9.0
468.0,3258519388.0,-0.0282,-0.45239,-0.88489,-0.1221,0.0,-0.3052,32.0,10.0,-9.0
469.0,3258531892.0,-0.0282,-0.4519,-0.88428,-0.1831,0.0,-0.3662,32.0,10.0,-9.0
470.0,3258546267.0,-0.0282,-0.45178,-0.88391,-0.1221,0.0,-0.3052,32.0,10.0,-9.0
471.0,3258558897.0,-0.0282,-0.45239,-0.88416,-0.061,0.0,-0.3052,32.0,10.0,-9.0
472.0,3258573886.0,-0.02759,-0.45312,-0.88306,-0.061,0.0,-0.2441,32.0,10.0,-9.0
473.0,3258588650.0,-0.02844,-0.45288,-0.88306,-0.061,-0.061,-0.3052,31.0,9.0,-10.0
474.0,3258604273.0,-0.0293,-0.45312,-0.88477,-0.061,-0.061,-0.2441,31.0,9.0,-10.0
475.0,3258614973.0,-0.02832,-0.45276,-0.88464,-0.061,-0.061,-0.2441,31.0,9.0,-10.0
476.0,3258630272.0,-0.02759,-0.45178,-0.88367,-0.1221,0.0,-0.3052,31.0,9.0,-10.0
477.0,3258641977.0,-0.02844,-0.45264,-0.88501,-0.1221,0.061,-0.3052,31.0,9.0,-10.0
478.0,3258654882.0,-0.02808,-0.453,-0.88464,-0.1221,0.0,-0.3052,31.0,9.0,-10.0
479.0,3258667849.0,-0.02795,-0.45239,-0.88367,-0.1221,-0.061,-0.2441,31.0,9.0,-10.0
480.0,3258681887.0,-0.0282,-0.45227,-0.88306,-0.1221,-0.061,-0.1831,31.0,9.0,-10.0
481.0,3258698201.0,-0.02869,-0.45251,-0.88452,-0.1221,0.0,-0.2441,32.0,10.0,-10.0
482.0,3258711803.0,-0.02905,-0.45276,-0.88452,-0.061,0.0,-0.3052,32.0,10.0,-10.0
483.0,3258726971.0,-0.02881,-0.45215,-0.88306,-0.061,0.0,-0.2441,32.0,10.0,-10.0
484.0,3258739191.0,-0.02844,-0.45251,-0.88281,-0.061,-0.061,-0.2441,32.0,10.0,-10.0
485.0,3258752827.0,-0.02808,-0.45325,-0.88379,-0.061,-0.061,-0.2441,32.0,10.0,-10.0
486.0,3258766850.0,-0.02832,-0.45288,-0.88489,-0.1221,-0.061,-0.2441,32.0,10.0,-10.0
487.0,3258779850.0,-0.02808,-0.4519,-0.88513,-0.061,0.0,-0.2441,32.0,10.0,-10.0
488.0,3258793804.0,-0.02722,-0.45227,-0.88477,0.0,0.0,-0.2441,32.0,10.0,-10.0
489.0,3258809542.0,-0.02722,-0.45203,-0.88452,-0.061,-0.061,-0.2441,32.0,9.0,-9.0
490.0,3258822505.0,-0.02759,-0.45166,-0.88391,-0.061,-0.061,-0.2441,32.0,9.0,-9.0
491.0,3258836464.0,-0.02832,-0.45215,-0.88367,-0.061,-0.061,-0.2441,32.0,9.0,-9.0
492.0,3258851479.0,-0.02869,-0.45239,-0.88342,-0.061,-0.061,-0.1831,32.0,9.0,-9.0
493.0,3258866508.0,-0.02832,-0.45203,-0.88245,-0.061,-0.061,-0.1831,32.0,9.0,-9.0
494.0,3258881247.0,-0.02783,-0.45154,-0.88342,-0.1221,-0.061,-0.2441,32.0,9.0,-9.0
495.0,3258891978.0,-0.02795,-0.45312,-0.8844,-0.1221,-0.061,-0.2441,32.0,9.0,-9.0
496.0,3258906806.0,-0.02808,-0.45325,-0.8844,-0.1221,-0.061,-0.2441,32.0,9.0,-9.0
497.0,3258919657.0,-0.02856,-0.45227,-0.88477,-0.1221,0.0,-0.2441,31.0,9.0,-4.0
498.0,3258934979.0,-0.02881,-0.45203,-0.88342,-0.1221,0.0,-0.2441,31.0,9.0,-4.0
499.0,3258948806.0,-0.02856,-0.45276,-0.88318,-0.1221,-0.061,-0.2441,31.0,9.0,-4.0
500.0,3258964829.0,-0.02844,-0.45227,-0.88318,-0.1221,-0.061,-0.2441,31.0,9.0,-4.0
501.0,3258981901.0,-0.02856,-0.45203,-0.88391,-0.1221,0.0,-0.1831,31.0,9.0,-4.0
502.0,3258995852.0,-0.0282,-0.45288,-0.88464,-0.1221,0.0,-0.1831,31.0,9.0,-4.0
503.0,3259010808.0,-0.02856,-0.45288,-0.88416,-0.1221,0.0,-0.3052,31.0,9.0,-4.0
504.0,3259025765.0,-0.0293,-0.45276,-0.88367,-0.1221,0.0,-0.3052,31.0,9.0,-4.0
505.0,3259042057.0,-0.02856,-0.45349,-0.88354,-0.1221,0.0,-0.2441,31.0,8.0,-9.0
506.0,3259057983.0,-0.02869,-0.45312,-0.88464,-0.1221,0.0,-0.3052,31.0,8.0,-9.0
507.0,3259071973.0,-0.02917,-0.453,-0.88403,-0.1221,0.061,-0.3052,31.0,8.0,-9.0
508.0,3259081466.0,-0.02844,-0.4519,-0.88391,-0.061,0.061,-0.2441,31.0,8.0,-9.0
509.0,3259094396.0,-0.02844,-0.4519,-0.88391,0.0,0.0,-0.2441,31.0,8.0,-9.0
510.0,3259108983.0,-0.02783,-0.45264,-0.88269,0.0,-0.061,-0.2441,31.0,8.0,-9.0
511.0,3259121808.0,-0.02856,-0.453,-0.88391,-0.1221,-0.061,-0.3052,31.0,8.0,-9.0
512.0,3259136985.0,-0.02832,-0.45251,-0.88452,-0.1221,0.0,-0.3052,31.0,8.0,-9.0
513.0,3259152773.0,-0.02771,-0.4519,-0.88403,-0.061,0.0,-0.2441,31.0,8.0,-9.0
514.0,3259164882.0,-0.02783,-0.45166,-0.88318,-0.061,0.0,-0.1831,31.0,8.0,-9.0
515.0,3259180873.0,-0.02905,-0.45227,-0.88354,-0.061,-0.061,-0.2441,31.0,8.0,-9.0
516.0,3259195985.0,-0.0282,-0.453,-0.8844,-0.061,-0.061,-0.3052,31.0,8.0,-9.0
517.0,3259211983.0,-0.02844,-0.45288,-0.88391,-0.061,-0.061,-0.2441,31.0,8.0,-9.0
518.0,3259225808.0,-0.02759,-0.45264,-0.88293,-0.061,-0.061,-0.1831,31.0,8.0,-9.0
519.0,3259240975.0,-0.0282,-0.453,-0.88354,-0.061,0.0,-0.1831,31.0,8.0,-9.0
520.0,3259253855.0,-0.02905,-0.45361,-0.8844,-0.061,-0.061,-0.1831,31.0,8.0,-9.0
521.0,3259268638.0,-0.02844,-0.45215,-0.88403,-0.1221,-0.061,-0.2441,30.0,9.0,-12.0
522.0,3259285179.0,-0.02808,-0.45178,-0.88452,-0.061,0.0,-0.2441,30.0,9.0,-12.0
523.0,3259297856.0,-0.02905,-0.45227,-0.8844,-0.1221,0.061,-0.2441,30.0,9.0,-12.0
524.0,3259310894.0,-0.02844,-0.45264,-0.88416,-0.1221,0.0,-0.3052,30.0,9.0,-12.0
525.0,3259327258.0,-0.02698,-0.45288,-0.88403,-0.1831,-0.061,-0.3052,30.0,9.0,-12.0
526.0,3259338987.0,-0.02661,-0.45288,-0.88342,-0.1221,0.0,-0.3052,30.0,9.0,-12.0
527.0,3259352829.0,-0.02722,-0.45276,-0.88367,-0.061,-0.061,-0.3052,30.0,9.0,-12.0
528.0,3259367810.0,-0.02844,-0.45276,-0.88489,-0.061,-0.1221,-0.2441,30.0,9.0,-12.0
529.0,3259383573.0,-0.0282,-0.45288,-0.88489,0.0,0.0,-0.1831,33.0,10.0,-9.0
530.0,3259392539.0,-0.0282,-0.45276,-0.88342,-0.061,-0.061,-0.1831,33.0,10.0,-9.0
531.0,3259407514.0,-0.0282,-0.45239,-0.88354,-0.1221,-0.061,-0.2441,33.0,10.0,-9.0
532.0,3259422507.0,-0.02832,-0.45264,-0.88416,-0.1221,-0.061,-0.2441,33.0,10.0,-9.0
533.0,3259435458.0,-0.0282,-0.45349,-0.88489,-0.1221,-0.061,-0.2441,33.0,10.0,-9.0
534.0,3259448390.0,-0.02759,-0.45325,-0.88489,-0.1221,-0.061,-0.2441,33.0,10.0,-9.0
535.0,3259463988.0,-0.02759,-0.45276,-0.88452,-0.061,0.0,-0.2441,33.0,10.0,-9.0
536.0,3259479399.0,-0.0282,-0.453,-0.88416,-0.061,0.0,-0.2441,33.0,10.0,-9.0
537.0,3259493781.0,-0.02893,-0.45276,-0.88452,-0.061,0.0,-0.1831,32.0,7.0,-10.0
538.0,3259507972.0,-0.02795,-0.45337,-0.88416,-0.1221,0.0,-0.1831,32.0,7.0,-10.0
539.0,3259524386.0,-0.02783,-0.45349,-0.88367,-0.1221,0.061,-0.2441,32.0,7.0,-10.0
540.0,3259538386.0,-0.02856,-0.453,-0.88452,-0.1221,0.0,-0.2441,32.0,7.0,-10.0
541.0,3259550896.0,-0.02881,-0.453,-0.88452,-0.1831,0.0,-0.2441,32.0,7.0,-10.0
542.0,3259563812.0,-0.0282,-0.453,-0.88403,-0.1221,0.0,-0.2441,32.0,7.0,-10.0
543.0,3259576724.0,-0.02722,-0.45264,-0.88416,-0.1831,0.0,-0.2441,32.0,7.0,-10.0
544.0,3259589658.0,-0.0282,-0.45312,-0.88477,-0.1831,-0.061,-0.2441,32.0,7.0,-10.0
545.0,3259606665.0,-0.02893,-0.45361,-0.88416,-0.1221,0.0,-0.1831,32.0,12.0,-13.0
546.0,3259622270.0,-0.0282,-0.45264,-0.88391,-0.1221,0.0,-0.1831,32.0,12.0,-13.0
547.0,3259634371.0,-0.02795,-0.45239,-0.88501,-0.1221,-0.061,-0.3052,32.0,12.0,-13.0
548.0,3259649990.0,-0.02832,-0.45251,-0.88403,-0.1221,-0.061,-0.3052,32.0,12.0,-13.0
549.0,3259665987.0,-0.02844,-0.4519,-0.88318,-0.061,0.061,-0.2441,32.0,12.0,-13.0
550.0,3259680841.0,-0.02832,-0.45264,-0.88416,-0.1221,0.0,-0.2441,32.0,12.0,-13.0
551.0,3259695988.0,-0.02856,-0.45276,-0.88464,-0.1221,0.0,-0.2441,32.0,12.0,-13.0
552.0,3259707241.0,-0.02869,-0.45227,-0.88342,-0.1221,-0.061,-0.2441,32.0,12.0,-13.0
553.0,3259719765.0,-0.02808,-0.45251,-0.88367,-0.1221,-0.061,-0.2441,31.0,8.0,-6.0
554.0,3259734988.0,-0.02771,-0.45276,-0.88428,-0.1221,0.0,-0.2441,31.0,8.0,-6.0
555.0,3259748949.0,-0.02734,-0.45239,-0.88525,-0.061,0.0,-0.2441,31.0,8.0,-6.0
556.0,3259763793.0,-0.02795,-0.45227,-0.8855,-0.061,-0.061,-0.1831,31.0,8.0,-6.0
557.0,3259776791.0,-0.02844,-0.45251,-0.88501,-0.061,-0.061,-0.2441,31.0,8.0,-6.0
558.0,3259791244.0,-0.0282,-0.453,-0.8844,-0.061,0.0,-0.1831,31.0,8.0,-6.0
559.0,3259803376.0,-0.02832,-0.45251,-0.88306,-0.1221,0.0,-0.1831,31.0,8.0,-6.0
560.0,3259815877.0,-0.0282,-0.45203,-0.88293,-0.1221,-0.1221,-0.2441,31.0,8.0,-6.0
561.0,3259833019.0,-0.02747,-0.45178,-0.88489,-0.061,-0.1221,-0.2441,32.0,10.0,-12.0
562.0,3259846842.0,-0.02698,-0.4519,-0.8844,-0.1221,-0.061,-0.2441,32.0,10.0,-12.0
563.0,3259862795.0,-0.02686,-0.45264,-0.88379,-0.061,0.0,-0.2441,32.0,10.0,-12.0
564.0,3259876749.0,-0.02808,-0.45288,-0.88403,0.0,0.0,-0.2441,32.0,10.0,-12.0
565.0,3259889645.0,-0.02783,-0.45264,-0.88452,0.0,0.0,-0.1831,32.0,10.0,-12.0
566.0,3259903948.0,-0.02759,-0.45239,-0.88416,-0.1221,0.0,-0.2441,32.0,10.0,-12.0
567.0,3259918360.0,-0.02856,-0.45288,-0.88379,-0.1221,-0.061,-0.2441,32.0,10.0,-12.0
568.0,3259933241.0,-0.0293,-0.453,-0.88379,-0.1221,0.0,-0.2441,32.0,10.0,-12.0
569.0,3259946176.0,-0.02905,-0.45251,-0.88354,-0.1221,0.0,-0.3052,33.0,9.0,-10.0
570.0,3259960973.0,-0.02759,-0.45251,-0.88293,-0.1221,0.0,-0.3052,33.0,9.0,-10.0
571.0,3259977384.0,-0.02734,-0.45227,-0.88281,-0.1221,-0.061,-0.3052,33.0,9.0,-10.0
572.0,3259992370.0,-0.0271,-0.45239,-0.88354,-0.1221,0.0,-0.2441,33.0,9.0,-10.0
573.0,3260009260.0,-0.02734,-0.45227,-0.88403,-0.1221,0.0,-0.3052,33.0,9.0,-10.0
574.0,3260021870.0,-0.02795,-0.45178,-0.88416,-0.061,0.061,-0.2441,33.0,9.0,-10.0
575.0,3260036843.0,-0.02808,-0.45154,-0.88367,-0.1221,0.061,-0.2441,33.0,9.0,-10.0
576.0,3260049842.0,-0.0282,-0.4519,-0.88452,-0.1831,0.0,-0.2441,33.0,9.0,-10.0
577.0,3260065742.0,-0.02844,-0.45166,-0.88452,-0.1221,0.0,-0.2441,32.0,9.0,-6.0
578.0,3260078639.0,-0.02856,-0.45154,-0.88391,-0.1221,0.0,-0.2441,32.0,9.0,-6.0
579.0,3260093243.0,-0.02795,-0.45288,-0.88379,-0.1221,0.0,-0.2441,32.0,9.0,-6.0
580.0,3260105375.0,-0.02844,-0.453,-0.88416,-0.1831,0.0,-0.3052,32.0,9.0,-6.0
581.0,3260118886.0,-0.02722,-0.45227,-0.88538,-0.1221,0.0,-0.3052,32.0,9.0,-6.0
582.0,3260134261.0,-0.02747,-0.45203,-0.88416,-0.1221,0.0,-0.2441,32.0,9.0,-6.0
583.0,3260145952.0,-0.02771,-0.45203,-0.88306,-0.1221,0.0,-0.3052,32.0,9.0,-6.0
584.0,3260159845.0,-0.02832,-0.45178,-0.88403,-0.1221,0.0,-0.3052,32.0,9.0,-6.0
585.0,3260175563.0,-0.0282,-0.45215,-0.88428,-0.1221,-0.061,-0.3052,34.0,10.0,-8.0
586.0,3260188496.0,-0.02734,-0.4519,-0.88428,-0.061,-0.061,-0.3052,34.0,10.0,-8.0
587.0,3260203258.0,-0.02722,-0.45264,-0.8833,-0.061,-0.061,-0.3052,34.0,10.0,-8.0
588.0,3260213942.0,-0.02783,-0.45349,-0.88342,-0.061,0.0,-0.2441,34.0,10.0,-8.0
589.0,3260225929.0,-0.02832,-0.45337,-0.8844,-0.061,-0.061,-0.2441,34.0,10.0,-8.0
590.0,3260239846.0,-0.02759,-0.45227,-0.88391,-0.061,-0.061,-0.2441,34.0,10.0,-8.0
591.0,3260256266.0,-0.0271,-0.45239,-0.88293,0.0,0.0,-0.3052,34.0,10.0,-8.0
592.0,3260271974.0,-0.02734,-0.45288,-0.88367,-0.061,0.061,-0.3052,34.0,10.0,-8.0
593.0,3260285650.0,-0.02722,-0.453,-0.88403,-0.1221,-0.061,-0.2441,32.0,10.0,-5.0
594.0,3260298568.0,-0.02747,-0.45288,-0.8844,-0.1831,-0.061,-0.2441,32.0,10.0,-5.0
595.0,3260311527.0,-0.02759,-0.4519,-0.88452,-0.1831,0.0,-0.2441,32.0,10.0,-5.0
596.0,3260324460.0,-0.02759,-0.45178,-0.8844,-0.1221,0.0,-0.2441,32.0,10.0,-5.0
597.0,3260341169.0,-0.02734,-0.45239,-0.88391,-0.061,-0.061,-0.2441,32.0,10.0,-5.0
598.0,3260355800.0,-0.02771,-0.45325,-0.88428,0.0,-0.061,-0.2441,32.0,10.0,-5.0
599.0,3260370754.0,-0.02869,-0.45325,-0.88403,0.0,-0.061,-0.2441,32.0,10.0,-5.0
600.0,3260384635.0,-0.02905,-0.45264,-0.88342,-0.061,-0.061,-0.2441,32.0,10.0,-5.0
601.0,3260401439.0,-0.0293,-0.45203,-0.8855,-0.061,-0.1221,-0.1831,30.0,8.0,-13.0
602.0,3260416240.0,-0.02966,-0.45239,-0.8855,-0.1221,-0.061,-0.1831,30.0,8.0,-13.0
603.0,3260427979.0,-0.02893,-0.45312,-0.88464,-0.1221,0.0,-0.2441,30.0,8.0,-13.0
604.0,3260444871.0,-0.02734,-0.45288,-0.88293,-0.1221,0.0,-0.2441,30.0,8.0,-13.0
605.0,3260459802.0,-0.02747,-0.4519,-0.88293,-0.1221,0.0,-0.1831,30.0,8.0,-13.0
606.0,3260474163.0,-0.02893,-0.45166,-0.8844,-0.1221,0.0,-0.1831,30.0,8.0,-13.0
607.0,3260487827.0,-0.02808,-0.45166,-0.88477,-0.1221,0.0,-0.2441,30.0,8.0,-13.0
608.0,3260502236.0,-0.02734,-0.45288,-0.88379,-0.1221,-0.061,-0.3052,30.0,8.0,-13.0
609.0,3260514743.0,-0.02844,-0.45312,-0.8844,-0.1831,-0.061,-0.3052,31.0,8.0,-14.0
610.0,3260530252.0,-0.0282,-0.453,-0.88477,-0.1831,0.0,-0.3052,31.0,8.0,-14.0
611.0,3260542384.0,-0.0282,-0.45264,-0.88416,-0.1831,0.0,-0.2441,31.0,8.0,-14.0
612.0,3260558991.0,-0.02881,-0.45239,-0.88428,-0.1221,0.0,-0.2441,31.0,8.0,-14.0
613.0,3260573956.0,-0.02905,-0.45264,-0.8844,-0.1221,0.0,-0.2441,31.0,8.0,-14.0
614.0,3260587367.0,-0.02881,-0.45264,-0.88452,-0.1221,0.0,-0.2441,31.0,8.0,-14.0
615.0,3260601940.0,-0.0282,-0.45239,-0.88416,-0.1221,0.0,-0.2441,31.0,8.0,-14.0
616.0,3260618176.0,-0.02783,-0.45276,-0.88403,-0.061,0.0,-0.1831,31.0,8.0,-14.0
617.0,3260634189.0,-0.02783,-0.45264,-0.88538,-0.061,-0.061,-0.1831,31.0,8.0,-8.0
618.0,3260646851.0,-0.02783,-0.45227,-0.88525,-0.1221,0.0,-0.3052,31.0,8.0,-8.0
619.0,3260654950.0,-0.02783,-0.45276,-0.88464,-0.061,0.0,-0.3052,31.0,8.0,-8.0
620.0,3260671244.0,-0.02893,-0.45276,-0.88403,-0.1221,0.0,-0.2441,31.0,8.0,-8.0
621.0,3260683373.0,-0.02893,-0.45239,-0.88428,-0.1221,-0.061,-0.3052,31.0,8.0,-8.0
622.0,3260698957.0,-0.02795,-0.45276,-0.88428,-0.061,0.0,-0.2441,31.0,8.0,-8.0
623.0,3260713805.0,-0.02747,-0.45337,-0.88403,-0.1221,0.061,-0.2441,31.0,8.0,-8.0
624.0,3260728784.0,-0.02795,-0.45312,-0.8844,-0.1221,0.0,-0.1831,31.0,8.0,-8.0
625.0,3260742559.0,-0.02832,-0.45178,-0.88367,-0.061,0.0,-0.1831,31.0,5.0,-10.0
626.0,3260757240.0,-0.02832,-0.45215,-0.88391,-0.061,0.0,-0.2441,31.0,5.0,-10.0
627.0,3260767955.0,-0.02808,-0.45276,-0.88428,-0.1221,0.0,-0.3052,31.0,5.0,-10.0
628.0,3260784954.0,-0.02771,-0.45227,-0.88257,-0.1221,-0.061,-0.2441,31.0,5.0,-10.0
629.0,3260801246.0,-0.02917,-0.45276,-0.88379,-0.1221,0.0,-0.2441,31.0,5.0,-10.0
630.0,3260813376.0,-0.02954,-0.45264,-0.88489,-0.1221,-0.061,-0.2441,31.0,5.0,-10.0
631.0,3260829368.0,-0.0293,-0.45239,-0.88464,-0.1221,-0.061,-0.2441,31.0,5.0,-10.0
632.0,3260844375.0,-0.02869,-0.45239,-0.8833,-0.1221,-0.061,-0.2441,31.0,5.0,-10.0
633.0,3260859739.0,-0.02844,-0.45227,-0.88391,-0.1831,0.0,-0.2441,31.0,11.0,-7.0
634.0,3260869794.0,-0.02759,-0.45288,-0.88464,-0.1831,0.0,-0.2441,31.0,11.0,-7.0
635.0,3260883862.0,-0.02722,-0.45264,-0.88416,-0.1221,-0.061,-0.1831,31.0,11.0,-7.0
636.0,3260896870.0,-0.02771,-0.45288,-0.88403,-0.061,-0.1221,-0.2441,31.0,11.0,-7.0
637.0,3260909871.0,-0.02795,-0.45349,-0.88354,-0.1221,-0.061,-0.3052,31.0,11.0,-7.0
638.0,3260922852.0,-0.02771,-0.45251,-0.88367,-0.1221,0.0,-0.3052,31.0,11.0,-7.0
639.0,3260935785.0,-0.02856,-0.45227,-0.88452,-0.061,0.0,-0.1831,31.0,11.0,-7.0
640.0,3260949775.0,-0.02881,-0.4519,-0.88501,-0.1221,-0.061,-0.1831,31.0,11.0,-7.0
641.0,3260966925.0,-0.02881,-0.4519,-0.88379,-0.1221,-0.061,-0.2441,32.0,8.0,-9.0
642.0,3260979787.0,-0.02905,-0.4519,-0.8833,-0.061,-0.061,-0.2441,32.0,8.0,-9.0
643.0,3260995786.0,-0.02808,-0.4519,-0.88354,0.0,-0.061,-0.2441,32.0,8.0,-9.0
644.0,3261009742.0,-0.0282,-0.45312,-0.88379,-0.061,-0.1221,-0.2441,32.0,8.0,-9.0
645.0,3261021864.0,-0.02869,-0.45361,-0.88354,-0.1221,-0.1221,-0.2441,32.0,8.0,-9.0
646.0,3261039786.0,-0.02808,-0.45239,-0.88452,-0.1831,0.0,-0.3052,32.0,8.0,-9.0
647.0,3261054986.0,-0.02759,-0.45251,-0.88391,-0.1221,0.0,-0.2441,32.0,8.0,-9.0
648.0,3261072151.0,-0.02808,-0.45276,-0.88416,-0.061,0.0,-0.2441,32.0,8.0,-9.0
649.0,3261088930.0,-0.0293,-0.45178,-0.88318,-0.061,-0.061,-0.2441,32.0,10.0,-11.0
650.0,3261102809.0,-0.02808,-0.45288,-0.8844,-0.1221,-0.061,-0.2441,32.0,10.0,-11.0
651.0,3261115809.0,-0.02783,-0.453,-0.88428,-0.1221,-0.061,-0.2441,32.0,10.0,-11.0
652.0,3261128835.0,-0.02759,-0.45227,-0.88416,-0.061,-0.061,-0.2441,32.0,10.0,-11.0
653.0,3261142865.0,-0.02795,-0.45154,-0.88403,-0.061,-0.061,-0.2441,32.0,10.0,-11.0
654.0,3261159246.0,-0.0282,-0.45142,-0.88416,-0.061,-0.061,-0.2441,32.0,10.0,-11.0
655.0,3261171383.0,-0.02734,-0.45178,-0.88452,-0.1221,0.0,-0.2441,32.0,10.0,-11.0
656.0,3261184376.0,-0.02771,-0.45288,-0.88477,-0.1221,0.061,-0.2441,32.0,10.0,-11.0
657.0,3261198639.0,-0.0282,-0.45239,-0.88416,-0.1221,0.061,-0.3052,32.0,7.0,-10.0
658.0,3261213966.0,-0.02771,-0.4519,-0.88367,-0.061,-0.061,-0.2441,32.0,7.0,-10.0
659.0,3261229252.0,-0.02771,-0.45227,-0.88391,-0.1221,0.0,-0.3052,32.0,7.0,-10.0
660.0,3261241377.0,-0.02832,-0.45276,-0.88403,-0.1221,-0.061,-0.3052,32.0,7.0,-10.0
661.0,3261256876.0,-0.02966,-0.45264,-0.88403,-0.1221,-0.061,-0.2441,32.0,7.0,-10.0
662.0,3261271951.0,-0.02917,-0.45239,-0.8844,-0.1221,-0.061,-0.2441,32.0,7.0,-10.0
663.0,3261284253.0,-0.02881,-0.45203,-0.88428,-0.1221,0.0,-0.3052,32.0,7.0,-10.0
664.0,3261296945.0,-0.02869,-0.45288,-0.88428,-0.1221,0.0,-0.3052,32.0,7.0,-10.0
665.0,3261313567.0,-0.02869,-0.45386,-0.88342,-0.061,-0.061,-0.2441,32.0,9.0,-6.0
666.0,3261325875.0,-0.02808,-0.45276,-0.88379,-0.061,-0.061,-0.2441,32.0,9.0,-6.0
667.0,3261342257.0,-0.02808,-0.45215,-0.88391,-0.1221,0.0,-0.2441,32.0,9.0,-6.0
668.0,3261354359.0,-0.02783,-0.45227,-0.88452,-0.1221,0.0,-0.2441,32.0,9.0,-6.0
669.0,3261370859.0,-0.02759,-0.45276,-0.88416,-0.061,0.061,-0.2441,32.0,9.0,-6.0
670.0,3261385791.0,-0.02759,-0.45251,-0.88391,-0.061,0.0,-0.1831,32.0,9.0,-6.0
671.0,3261401736.0,-0.02771,-0.45251,-0.88452,-0.1221,-0.061,-0.1831,32.0,9.0,-6.0
672.0,3261416785.0,-0.02808,-0.45288,-0.88257,-0.1831,0.0,-0.3052,32.0,9.0,-6.0
673.0,3261429662.0,-0.0282,-0.45325,-0.88232,-0.1831,0.0,-0.3052,33.0,9.0,-9.0
674.0,3261441873.0,-0.02795,-0.45312,-0.88367,-0.1221,-0.061,-0.2441,33.0,9.0,-9.0
675.0,3261457247.0,-0.02844,-0.453,-0.88477,-0.061,-0.061,-0.2441,33.0,9.0,-9.0
676.0,3261468968.0,-0.02844,-0.45239,-0.88342,-0.061,-0.061,-0.2441,33.0,9.0,-9.0
677.0,3261484253.0,-0.02869,-0.45215,-0.88428,-0.1221,-0.061,-0.2441,33.0,9.0,-9.0
678.0,3261496863.0,-0.02844,-0.45239,-0.8855,-0.1221,-0.061,-0.3052,33.0,9.0,-9.0
679.0,3261510792.0,-0.02783,-0.45251,-0.88489,-0.1221,-0.061,-0.2441,33.0,9.0,-9.0
680.0,3261524786.0,-0.02808,-0.45178,-0.88293,-0.1221,-0.061,-0.1831,33.0,9.0,-9.0
681.0,3261537664.0,-0.02844,-0.45239,-0.88379,-0.061,0.0,-0.1831,34.0,10.0,-10.0
682.0,3261552953.0,-0.02856,-0.45325,-0.88428,-0.1221,0.061,-0.2441,34.0,10.0,-10.0
683.0,3261568840.0,-0.02808,-0.45251,-0.88452,-0.061,0.0,-0.2441,34.0,10.0,-10.0
684.0,3261583793.0,-0.02734,-0.45251,-0.88428,-0.061,0.0,-0.1831,34.0,10.0,-10.0
685.0,3261600869.0,-0.02783,-0.45312,-0.88391,-0.1221,0.0,-0.2441,34.0,10.0,-10.0
686.0,3261613163.0,-0.0282,-0.45361,-0.88477,-0.1221,-0.061,-0.2441,34.0,10.0,-10.0
687.0,3261627794.0,-0.02881,-0.45349,-0.88501,-0.1221,-0.061,-0.1831,34.0,10.0,-10.0
688.0,3261641769.0,-0.02917,-0.45312,-0.88611,-0.1221,-0.061,-0.1831,34.0,10.0,-10.0
689.0,3261655549.0,-0.02905,-0.45227,-0.88538,-0.1221,-0.061,-0.2441,32.0,10.0,-8.0
690.0,3261671510.0,-0.02759,-0.45178,-0.88489,-0.1221,-0.061,-0.3052,32.0,10.0,-8.0
691.0,3261683874.0,-0.02759,-0.45251,-0.88513,-0.1221,-0.061,-0.3052,32.0,10.0,-8.0
692.0,3261701174.0,-0.02869,-0.45276,-0.88416,-0.1221,-0.061,-0.3052,32.0,10.0,-8.0
693.0,3261716248.0,-0.02771,-0.45178,-0.88379,-0.061,0.0,-0.2441,32.0,10.0,-8.0
694.0,3261728379.0,-0.02747,-0.45251,-0.88379,-0.061,0.0,-0.2441,32.0,10.0,-8.0
695.0,3261740880.0,-0.02759,-0.45337,-0.88391,-0.061,0.0,-0.2441,32.0,10.0,-8.0
696.0,3261756795.0,-0.0271,-0.45251,-0.88367,-0.061,-0.061,-0.2441,32.0,10.0,-8.0
697.0,3261770570.0,-0.02783,-0.45227,-0.88379,-0.1221,0.0,-0.2441,31.0,8.0,-9.0
698.0,3261782874.0,-0.02832,-0.45288,-0.88416,-0.061,0.0,-0.2441,31.0,8.0,-9.0
699.0,3261797859.0,-0.02783,-0.45349,-0.88501,-0.061,-0.061,-0.2441,31.0,8.0,-9.0
700.0,3261811450.0,-0.02759,-0.45288,-0.88477,-0.061,0.0,-0.2441,31.0,8.0,-9.0
701.0,3261824381.0,-0.02783,-0.45203,-0.8844,-0.1221,0.0,-0.2441,31.0,8.0,-9.0
702.0,3261840374.0,-0.02771,-0.45251,-0.88416,-0.1221,0.061,-0.3052,31.0,8.0,-9.0
703.0,3261852879.0,-0.0271,-0.45239,-0.88367,-0.061,-0.061,-0.2441,31.0,8.0,-9.0
704.0,3261868254.0,-0.02856,-0.45239,-0.88416,0.0,-0.061,-0.3052,31.0,8.0,-9.0
705.0,3261881166.0,-0.0293,-0.45276,-0.88379,0.0,-0.061,-0.2441,32.0,8.0,-14.0
706.0,3261896239.0,-0.0282,-0.45264,-0.88245,-0.061,0.0,-0.2441,32.0,8.0,-14.0
707.0,3261908370.0,-0.02795,-0.45276,-0.8833,-0.061,0.0,-0.2441,32.0,8.0,-14.0
708.0,3261919452.0,-0.02856,-0.45264,-0.88403,-0.1221,0.0,-0.2441,32.0,8.0,-14.0
709.0,3261934421.0,-0.02893,-0.45264,-0.88501,-0.1221,-0.061,-0.2441,32.0,8.0,-14.0
710.0,3261949470.0,-0.02759,-0.45203,-0.88342,-0.061,-0.061,-0.1831,32.0,8.0,-14.0
711.0,3261962472.0,-0.02783,-0.45129,-0.88257,0.0,-0.061,-0.1831,32.0,8.0,-14.0
712.0,3261978469.0,-0.02979,-0.4519,-0.88391,-0.1221,0.0,-0.2441,32.0,8.0,-14.0
713.0,3261994228.0,-0.0293,-0.45215,-0.88281,-0.1221,0.0,-0.2441,32.0,9.0,-7.0
714.0,3262009245.0,-0.02808,-0.45325,-0.88611,-0.061,-0.061,-0.2441,32.0,9.0,-7.0
715.0,3262020942.0,-0.0282,-0.45215,-0.88477,-0.061,-0.061,-0.3052,32.0,9.0,-7.0
716.0,3262034943.0,-0.02661,-0.45227,-0.88391,-0.1221,-0.061,-0.2441,32.0,9.0,-7.0
717.0,3262051238.0,-0.02759,-0.453,-0.88428,-0.1831,-0.061,-0.2441,32.0,9.0,-7.0
718.0,3262063937.0,-0.02808,-0.45251,-0.88354,-0.061,-0.1221,-0.2441,32.0,9.0,-7.0
719.0,3262080258.0,-0.02893,-0.45349,-0.8844,0.0,-0.1221,-0.2441,32.0,9.0,-7.0
720.0,3262091951.0,-0.0282,-0.45312,-0.88464,0.061,-0.1221,-0.1831,32.0,9.0,-7.0
721.0,3262109019.0,-0.02734,-0.45264,-0.88464,0.0,-0.061,-0.1831,30.0,7.0,-5.0
722.0,3262123964.0,-0.0271,-0.453,-0.88403,-0.1221,0.0,-0.2441,30.0,7.0,-5.0
723.0,3262136800.0,-0.02673,-0.45361,-0.8833,-0.061,0.0,-0.2441,30.0,7.0,-5.0
724.0,3262150677.0,-0.0271,-0.45337,-0.88416,0.0,-0.1221,-0.2441,30.0,7.0,-5.0
725.0,3262165548.0,-0.02771,-0.45251,-0.88428,-0.061,-0.061,-0.2441,30.0,7.0,-5.0
726.0,3262179458.0,-0.02783,-0.45251,-0.88501,-0.1221,-0.061,-0.2441,30.0,7.0,-5.0
727.0,3262195952.0,-0.02722,-0.45264,-0.88452,-0.061,-0.061,-0.2441,30.0,7.0,-5.0
728.0,3262209800.0,-0.02673,-0.453,-0.88428,-0.061,0.0,-0.3052,30.0,7.0,-5.0
729.0,3262226739.0,-0.0271,-0.45312,-0.8844,-0.1221,0.0,-0.2441,31.0,8.0,-12.0
730.0,3262243867.0,-0.02979,-0.45312,-0.88342,-0.061,0.0,-0.1831,31.0,8.0,-12.0
731.0,3262259242.0,-0.02881,-0.453,-0.88354,0.0,0.0,-0.2441,31.0,8.0,-12.0
732.0,3262271367.0,-0.0282,-0.45215,-0.88342,0.0,0.0,-0.3052,31.0,8.0,-12.0
733.0,3262283363.0,-0.02856,-0.45203,-0.88391,-0.061,0.0,-0.3052,31.0,8.0,-12.0
734.0,3262299957.0,-0.02832,-0.45264,-0.88379,-0.061,0.0,-0.3052,31.0,8.0,-12.0
735.0,3262312828.0,-0.02771,-0.45251,-0.88416,-0.1221,-0.061,-0.2441,31.0,8.0,-12.0
736.0,3262325956.0,-0.02722,-0.45239,-0.88428,-0.1221,-0.061,-0.2441,31.0,8.0,-12.0
737.0,3262341653.0,-0.02856,-0.45239,-0.88306,-0.061,-0.061,-0.1831,32.0,10.0,-6.0
738.0,3262356687.0,-0.02893,-0.45203,-0.88293,-0.061,-0.061,-0.1831,32.0,10.0,-6.0
739.0,3262369688.0,-0.02869,-0.45239,-0.88318,-0.1221,0.0,-0.2441,32.0,10.0,-6.0
740.0,3262381866.0,-0.02808,-0.453,-0.88403,-0.1221,0.0,-0.2441,32.0,10.0,-6.0
741.0,3262397779.0,-0.02771,-0.45276,-0.8844,-0.1221,0.061,-0.3052,32.0,10.0,-6.0
742.0,3262410779.0,-0.02808,-0.45142,-0.8844,-0.061,-0.061,-0.3052,32.0,10.0,-6.0
743.0,3262422853.0,-0.02759,-0.45215,-0.88428,-0.061,-0.061,-0.3052,32.0,10.0,-6.0
744.0,3262436778.0,-0.02759,-0.453,-0.88379,-0.1221,0.0,-0.2441,32.0,10.0,-6.0
745.0,3262449558.0,-0.0282,-0.45117,-0.88293,-0.1221,0.0,-0.2441,33.0,11.0,-10.0
746.0,3262461854.0,-0.02844,-0.45142,-0.88354,-0.1831,0.0,-0.2441,33.0,11.0,-10.0
747.0,3262477804.0,-0.02869,-0.4519,-0.88452,-0.061,0.0,-0.3052,33.0,11.0,-10.0
748.0,3262492780.0,-0.02844,-0.45349,-0.88403,-0.1221,0.0,-0.2441,33.0,11.0,-10.0
749.0,3262506781.0,-0.02808,-0.45398,-0.88403,-0.1221,-0.061,-0.2441,33.0,11.0,-10.0
750.0,3262522948.0,-0.02808,-0.45337,-0.88464,-0.1221,-0.061,-0.2441,33.0,11.0,-10.0
751.0,3262535780.0,-0.02832,-0.45239,-0.8844,-0.061,-0.061,-0.2441,33.0,11.0,-10.0
752.0,3262549781.0,-0.02783,-0.45312,-0.88403,0.0,0.0,-0.1831,33.0,11.0,-10.0
753.0,3262563562.0,-0.02734,-0.45349,-0.88428,-0.1221,-0.061,-0.2441,31.0,8.0,-8.0
754.0,3262579951.0,-0.02856,-0.45349,-0.8833,-0.1221,-0.061,-0.2441,31.0,8.0,-8.0
755.0,3262595238.0,-0.02881,-0.45349,-0.88354,-0.1221,-0.061,-0.1831,31.0,8.0,-8.0
756.0,3262607370.0,-0.02881,-0.45312,-0.88367,-0.1221,0.0,-0.1831,31.0,8.0,-8.0
757.0,3262622380.0,-0.02893,-0.45203,-0.88525,-0.061,0.061,-0.2441,31.0,8.0,-8.0
758.0,3262637935.0,-0.02905,-0.4519,-0.88354,0.0,0.0,-0.2441,31.0,8.0,-8.0
759.0,3262652951.0,-0.02869,-0.45264,-0.88306,-0.061,-0.061,-0.2441,31.0,8.0,-8.0
760.0,3262665782.0,-0.02856,-0.45312,-0.88354,-0.1221,0.0,-0.2441,31.0,8.0,-8.0
761.0,3262680557.0,-0.02893,-0.45215,-0.88464,-0.1221,0.061,-0.2441,32.0,11.0,-12.0
762.0,3262695949.0,-0.0293,-0.45142,-0.88489,-0.1221,0.0,-0.2441,32.0,11.0,-12.0
763.0,3262710934.0,-0.02795,-0.45288,-0.88513,-0.061,-0.061,-0.1831,32.0,11.0,-12.0
764.0,3262725948.0,-0.0282,-0.45325,-0.88599,-0.061,-0.061,-0.1831,32.0,11.0,-12.0
765.0,3262741234.0,-0.02759,-0.45166,-0.88281,-0.1221,0.0,-0.1831,32.0,11.0,-12.0
766.0,3262751948.0,-0.02771,-0.4519,-0.88318,-0.1221,0.0,-0.2441,32.0,11.0,-12.0
767.0,3262767852.0,-0.02881,-0.4519,-0.88391,-0.061,0.0,-0.2441,32.0,11.0,-12.0
768.0,3262782955.0,-0.02905,-0.45251,-0.88513,-0.061,0.0,-0.2441,32.0,11.0,-12.0
769.0,3262798635.0,-0.02856,-0.45288,-0.88489,-0.061,0.0,-0.2441,32.0,10.0,-11.0
770.0,3262813615.0,-0.02856,-0.45251,-0.88538,-0.061,0.0,-0.2441,32.0,10.0,-11.0
771.0,3262829951.0,-0.02759,-0.45361,-0.8844,-0.061,0.0,-0.2441,32.0,10.0,-11.0
772.0,3262846244.0,-0.02734,-0.45361,-0.8833,-0.061,-0.061,-0.2441,32.0,10.0,-11.0
773.0,3262857936.0,-0.02808,-0.453,-0.88293,-0.061,-0.061,-0.3052,32.0,10.0,-11.0
774.0,3262873785.0,-0.02844,-0.45239,-0.88379,-0.1221,0.0,-0.2441,32.0,10.0,-11.0
775.0,3262886775.0,-0.02869,-0.45288,-0.88342,-0.1221,-0.061,-0.2441,32.0,10.0,-11.0
776.0,3262902947.0,-0.02795,-0.45239,-0.88342,-0.1221,-0.061,-0.1831,32.0,10.0,-11.0
777.0,3262919010.0,-0.02771,-0.45337,-0.88513,-0.1221,-0.061,-0.1831,32.0,8.0,-10.0
778.0,3262933956.0,-0.02795,-0.45337,-0.88464,-0.061,0.0,-0.2441,32.0,8.0,-10.0
779.0,3262946786.0,-0.02759,-0.45264,-0.88403,0.0,0.0,-0.3052,32.0,8.0,-10.0
780.0,3262962945.0,-0.02783,-0.45276,-0.88428,-0.061,0.0,-0.3052,32.0,8.0,-10.0
781.0,3262977932.0,-0.0282,-0.453,-0.88428,-0.1221,-0.061,-0.2441,32.0,8.0,-10.0
782.0,3262987445.0,-0.02869,-0.453,-0.88293,-0.061,-0.061,-0.3052,32.0,8.0,-10.0
783.0,3263001463.0,-0.02869,-0.45264,-0.88281,-0.061,-0.061,-0.3052,32.0,8.0,-10.0
784.0,3263017937.0,-0.02844,-0.45239,-0.88416,-0.1221,-0.061,-0.2441,32.0,8.0,-10.0
785.0,3263030920.0,-0.02808,-0.453,-0.88464,-0.1221,0.0,-0.1831,32.0,8.0,-6.0
786.0,3263045952.0,-0.02808,-0.45337,-0.88306,-0.1221,0.0,-0.1831,32.0,8.0,-6.0
787.0,3263061238.0,-0.02771,-0.45251,-0.8844,-0.1221,-0.061,-0.2441,32.0,8.0,-6.0
788.0,3263072929.0,-0.0282,-0.45203,-0.88452,-0.061,-0.061,-0.1831,32.0,8.0,-6.0
789.0,3263086939.0,-0.0282,-0.45251,-0.88428,-0.061,0.061,-0.3052,32.0,8.0,-6.0
790.0,3263102872.0,-0.02856,-0.45154,-0.88403,-0.061,0.0,-0.3052,32.0,8.0,-6.0
791.0,3263118787.0,-0.02844,-0.45142,-0.88428,0.0,-0.061,-0.2441,32.0,8.0,-6.0
792.0,3263132743.0,-0.02783,-0.45154,-0.8833,0.0,-0.061,-0.2441,32.0,8.0,-6.0
793.0,3263148727.0,-0.02783,-0.45166,-0.88306,-0.061,0.0,-0.2441,32.0,9.0,-9.0
794.0,3263164940.0,-0.02808,-0.453,-0.88318,-0.061,0.0,-0.3052,32.0,9.0,-9.0
795.0,3263180814.0,-0.02795,-0.453,-0.88306,-0.1221,0.0,-0.1831,32.0,9.0,-9.0
796.0,3263197840.0,-0.02795,-0.45203,-0.88379,-0.1221,-0.061,-0.1831,32.0,9.0,-9.0
797.0,3263211851.0,-0.02856,-0.45325,-0.88477,-0.061,0.0,-0.1831,32.0,9.0,-9.0
798.0,3263226789.0,-0.02832,-0.45276,-0.88428,-0.061,0.0,-0.3052,32.0,9.0,-9.0
799.0,3263240743.0,-0.02832,-0.45178,-0.88403,-0.061,0.0,-0.3052,32.0,9.0,-9.0
800.0,3263255944.0,-0.02893,-0.45288,-0.88367,-0.061,0.0,-0.2441,32.0,9.0,-9.0
801.0,3263270564.0,-0.02869,-0.45337,-0.88379,-0.061,-0.061,-0.2441,33.0,7.0,-10.0
802.0,3263284526.0,-0.02795,-0.45276,-0.88342,-0.061,0.0,-0.3052,33.0,7.0,-10.0
803.0,3263300252.0,-0.02832,-0.45264,-0.88416,-0.061,0.0,-0.3052,33.0,7.0,-10.0
804.0,3263310935.0,-0.02917,-0.45264,-0.8844,-0.061,0.0,-0.2441,33.0,7.0,-10.0
805.0,3263325790.0,-0.02905,-0.4519,-0.88403,-0.1221,-0.061,-0.2441,33.0,7.0,-10.0
806.0,3263341942.0,-0.02795,-0.45215,-0.8844,-0.1221,0.0,-0.2441,33.0,7.0,-10.0
807.0,3263356790.0,-0.02747,-0.45227,-0.88452,-0.061,0.061,-0.3052,33.0,7.0,-10.0
808.0,3263370816.0,-0.02783,-0.45239,-0.8844,0.0,0.0,-0.2441,33.0,7.0,-10.0
809.0,3263383643.0,-0.02917,-0.45154,-0.88403,-0.061,-0.061,-0.1831,34.0,10.0,-11.0
810.0,3263397665.0,-0.02893,-0.45276,-0.88428,-0.1221,-0.061,-0.2441,34.0,10.0,-11.0
811.0,3263410614.0,-0.02856,-0.45374,-0.88416,-0.1221,0.0,-0.3052,34.0,10.0,-11.0
812.0,3263426559.0,-0.02893,-0.453,-0.88428,-0.1221,-0.061,-0.3052,34.0,10.0,-11.0
813.0,3263439520.0,-0.02991,-0.45239,-0.88477,-0.1831,0.0,-0.3052,34.0,10.0,-11.0
814.0,3263453456.0,-0.02771,-0.45203,-0.88464,-0.1221,0.0,-0.3052,34.0,10.0,-11.0
815.0,3263468924.0,-0.02698,-0.45251,-0.88477,-0.061,-0.061,-0.2441,34.0,10.0,-11.0
816.0,3263481791.0,-0.02734,-0.45215,-0.88403,-0.061,-0.061,-0.3052,34.0,10.0,-11.0
817.0,3263497643.0,-0.02844,-0.45178,-0.88416,-0.1221,-0.061,-0.2441,31.0,10.0,-8.0
818.0,3263510726.0,-0.02832,-0.45264,-0.88464,-0.1221,-0.061,-0.2441,31.0,10.0,-8.0
819.0,3263526661.0,-0.02771,-0.4519,-0.88416,-0.1221,0.0,-0.3052,31.0,10.0,-8.0
820.0,3263540564.0,-0.02759,-0.45117,-0.8833,-0.1221,0.0,-0.2441,31.0,10.0,-8.0
821.0,3263554446.0,-0.02832,-0.45288,-0.88318,-0.1221,0.0,-0.1831,31.0,10.0,-8.0
822.0,3263570942.0,-0.02832,-0.45312,-0.88342,-0.1221,0.0,-0.2441,31.0,10.0,-8.0
823.0,3263584819.0,-0.02808,-0.45337,-0.88403,-0.061,0.0,-0.2441,31.0,10.0,-8.0
824.0,3263597950.0,-0.02832,-0.45288,-0.88403,-0.061,-0.061,-0.2441,31.0,10.0,-8.0
825.0,3263614647.0,-0.02771,-0.45276,-0.88477,-0.061,-0.061,-0.2441,32.0,8.0,-9.0
826.0,3263628925.0,-0.02783,-0.45239,-0.88513,-0.061,-0.061,-0.2441,32.0,8.0,-9.0
827.0,3263645219.0,-0.02771,-0.45215,-0.8844,-0.061,0.0,-0.1831,32.0,8.0,-9.0
828.0,3263657349.0,-0.02771,-0.453,-0.88428,-0.1221,0.0,-0.1831,32.0,8.0,-9.0
829.0,3263669147.0,-0.02771,-0.45288,-0.88452,-0.061,-0.061,-0.1831,32.0,8.0,-9.0
830.0,3263681140.0,-0.02783,-0.45203,-0.88477,-0.061,-0.061,-0.2441,32.0,8.0,-9.0
831.0,3263693132.0,-0.02832,-0.45227,-0.88501,-0.061,0.0,-0.3052,32.0,8.0,-9.0
832.0,3263708237.0,-0.02771,-0.45264,-0.88403,-0.1221,0.0,-0.3052,32.0,8.0,-9.0
833.0,3263721149.0,-0.0282,-0.45264,-0.8833,-0.1221,0.0,-0.3052,31.0,10.0,-8.0
834.0,3263733769.0,-0.0293,-0.45227,-0.88354,-0.1831,-0.061,-0.2441,31.0,10.0,-8.0
835.0,3263746677.0,-0.02808,-0.45239,-0.88391,-0.1221,-0.061,-0.2441,31.0,10.0,-8.0
836.0,3263760617.0,-0.02759,-0.45227,-0.88489,-0.1221,-0.061,-0.2441,31.0,10.0,-8.0
837.0,3263775927.0,-0.02808,-0.4519,-0.88403,-0.1221,-0.061,-0.2441,31.0,10.0,-8.0
838.0,3263792222.0,-0.0282,-0.45349,-0.88318,-0.061,0.0,-0.3052,31.0,10.0,-8.0
839.0,3263804351.0,-0.02856,-0.45459,-0.88367,-0.061,0.0,-0.2441,31.0,10.0,-8.0
840.0,3263820373.0,-0.02832,-0.45288,-0.88306,-0.061,0.0,-0.2441,31.0,10.0,-8.0
841.0,3263835154.0,-0.02856,-0.45178,-0.8833,-0.061,0.0,-0.1831,31.0,8.0,-13.0
842.0,3263851945.0,-0.02893,-0.45215,-0.88428,-0.061,0.0,-0.2441,31.0,8.0,-13.0
843.0,3263867232.0,-0.02808,-0.45337,-0.88293,-0.061,-0.061,-0.2441,31.0,8.0,-13.0
844.0,3263878925.0,-0.02783,-0.45361,-0.88318,-0.061,-0.061,-0.2441,31.0,8.0,-13.0
845.0,3263892770.0,-0.02832,-0.45251,-0.88416,-0.061,-0.061,-0.1831,31.0,8.0,-13.0
846.0,3263904835.0,-0.02844,-0.45129,-0.88574,-0.061,-0.061,-0.1831,31.0,8.0,-13.0
847.0,3263918772.0,-0.02795,-0.45154,-0.88513,-0.061,0.0,-0.3052,31.0,8.0,-13.0
848.0,3263934835.0,-0.02722,-0.45203,-0.88477,-0.061,0.0,-0.3662,31.0,8.0,-13.0
849.0,3263947625.0,-0.0271,-0.45227,-0.8855,-0.061,-0.061,-0.2441,32.0,11.0,-11.0
850.0,3263960625.0,-0.02808,-0.45227,-0.88574,-0.061,-0.061,-0.2441,32.0,11.0,-11.0
851.0,3263972858.0,-0.02869,-0.45264,-0.88501,-0.1221,-0.061,-0.3052,32.0,11.0,-11.0
852.0,3263987932.0,-0.02722,-0.45361,-0.88245,-0.1221,-0.061,-0.2441,32.0,11.0,-11.0
853.0,3264004136.0,-0.02783,-0.45337,-0.88281,-0.1221,-0.1221,-0.1221,32.0,11.0,-11.0
854.0,3264019209.0,-0.02844,-0.45178,-0.8844,-0.1221,-0.061,-0.1221,32.0,11.0,-11.0
855.0,3264030959.0,-0.02832,-0.45239,-0.88452,-0.1831,0.0,-0.3052,32.0,11.0,-11.0
856.0,3264043862.0,-0.02856,-0.45337,-0.88367,-0.1221,0.0,-0.3052,32.0,11.0,-11.0
857.0,3264056625.0,-0.02844,-0.45312,-0.88293,-0.1221,0.0,-0.3052,30.0,11.0,-12.0
858.0,3264072624.0,-0.0282,-0.45288,-0.88281,-0.1221,-0.061,-0.1831,30.0,11.0,-12.0
859.0,3264086585.0,-0.02856,-0.45215,-0.8844,-0.1831,-0.061,-0.1831,30.0,11.0,-12.0
860.0,3264101914.0,-0.02795,-0.45166,-0.88403,-0.061,0.0,-0.1831,30.0,11.0,-12.0
861.0,3264114857.0,-0.02795,-0.45166,-0.8844,0.0,-0.061,-0.2441,30.0,11.0,-12.0
862.0,3264129798.0,-0.02783,-0.45154,-0.88489,-0.1221,0.0,-0.3052,30.0,11.0,-12.0
863.0,3264145862.0,-0.0271,-0.4519,-0.88452,-0.1221,0.061,-0.2441,30.0,11.0,-12.0
864.0,3264160936.0,-0.0271,-0.45264,-0.88367,-0.061,0.061,-0.2441,30.0,11.0,-12.0
865.0,3264177627.0,-0.02747,-0.45312,-0.88232,-0.061,0.0,-0.1831,32.0,13.0,-15.0
866.0,3264190607.0,-0.02747,-0.45239,-0.8833,0.0,0.0,-0.1831,32.0,13.0,-15.0
867.0,3264206471.0,-0.02844,-0.45264,-0.8833,-0.061,-0.061,-0.2441,32.0,13.0,-15.0
868.0,3264222946.0,-0.02905,-0.45288,-0.88245,-0.061,-0.061,-0.2441,32.0,13.0,-15.0
869.0,3264235855.0,-0.0293,-0.453,-0.88342,-0.061,-0.061,-0.3052,32.0,13.0,-15.0
870.0,3264248859.0,-0.02832,-0.45312,-0.88391,0.0,-0.1221,-0.2441,32.0,13.0,-15.0
871.0,3264263932.0,-0.02759,-0.45288,-0.88428,0.0,-0.061,-0.1221,32.0,13.0,-15.0
872.0,3264276137.0,-0.02734,-0.45239,-0.88489,-0.1221,0.0,-0.1221,32.0,13.0,-15.0
873.0,3264288889.0,-0.02759,-0.45227,-0.88513,-0.1221,0.0,-0.2441,34.0,8.0,-6.0
874.0,3264303938.0,-0.0282,-0.4519,-0.88452,-0.1221,-0.061,-0.1831,34.0,8.0,-6.0
875.0,3264315931.0,-0.02844,-0.45129,-0.88452,-0.1221,-0.061,-0.1831,34.0,8.0,-6.0
876.0,3264331219.0,-0.02795,-0.45288,-0.8844,-0.061,-0.061,-0.2441,34.0,8.0,-6.0
877.0,3264343400.0,-0.02771,-0.45361,-0.88416,-0.061,-0.061,-0.2441,34.0,8.0,-6.0
878.0,3264357837.0,-0.02747,-0.45374,-0.88416,-0.1221,-0.061,-0.2441,34.0,8.0,-6.0
879.0,3264369859.0,-0.02722,-0.45398,-0.88354,-0.1221,-0.061,-0.2441,34.0,8.0,-6.0
880.0,3264382777.0,-0.02747,-0.45386,-0.88354,-0.1221,0.0,-0.1221,34.0,8.0,-6.0
881.0,3264397424.0,-0.02759,-0.45349,-0.88489,-0.1831,0.0,-0.1831,31.0,9.0,-13.0
882.0,3264412399.0,-0.0271,-0.45312,-0.88464,-0.1221,0.0,-0.2441,31.0,9.0,-13.0
883.0,3264428939.0,-0.0271,-0.45361,-0.88428,-0.061,-0.061,-0.2441,31.0,9.0,-13.0
884.0,3264443806.0,-0.02722,-0.45386,-0.8844,-0.061,0.0,-0.2441,31.0,9.0,-13.0
885.0,3264459945.0,-0.02759,-0.453,-0.88232,-0.1221,0.0,-0.2441,31.0,9.0,-13.0
886.0,3264472853.0,-0.02783,-0.45239,-0.88257,-0.1221,0.0,-0.2441,31.0,9.0,-13.0
887.0,3264488937.0,-0.02869,-0.45239,-0.88428,-0.1221,0.0,-0.3052,31.0,9.0,-13.0
888.0,3264502778.0,-0.02832,-0.4519,-0.88428,-0.1221,0.0,-0.2441,31.0,9.0,-13.0
889.0,3264518720.0,-0.02893,-0.4519,-0.88367,-0.061,0.0,-0.1831,31.0,8.0,-5.0
890.0,3264531659.0,-0.02905,-0.45178,-0.88318,-0.061,-0.061,-0.2441,31.0,8.0,-5.0
891.0,3264547649.0,-0.0282,-0.45154,-0.88354,-0.061,0.0,-0.3052,31.0,8.0,-5.0
892.0,3264563602.0,-0.02856,-0.45166,-0.88293,-0.061,-0.061,-0.3052,31.0,8.0,-5.0
893.0,3264579938.0,-0.02783,-0.45312,-0.88367,-0.061,-0.061,-0.2441,31.0,8.0,-5.0
894.0,3264595223.0,-0.02759,-0.45264,-0.88452,-0.061,-0.061,-0.1831,31.0,8.0,-5.0
895.0,3264607924.0,-0.02771,-0.45288,-0.88354,-0.061,-0.061,-0.2441,31.0,8.0,-5.0
896.0,3264624217.0,-0.02759,-0.45288,-0.88306,-0.1221,0.0,-0.2441,31.0,8.0,-5.0
897.0,3264636724.0,-0.02783,-0.453,-0.88501,-0.1221,0.061,-0.2441,30.0,9.0,-8.0
898.0,3264652935.0,-0.02856,-0.45337,-0.88452,0.0,0.061,-0.1831,30.0,9.0,-8.0
899.0,3264661851.0,-0.02893,-0.45337,-0.88354,0.0,0.0,-0.1831,30.0,9.0,-8.0
900.0,3264666656.0,-0.02856,-0.45325,-0.88342,0.0,0.0,-0.1831,30.0,9.0,-8.0
901.0,3264682496.0,-0.02795,-0.45337,-0.88403,-0.061,0.0,-0.1831,30.0,9.0,-8.0
902.0,3264695429.0,-0.02771,-0.45337,-0.88403,-0.1221,-0.061,-0.2441,30.0,9.0,-8.0
903.0,3264711925.0,-0.02808,-0.45227,-0.88391,-0.1221,-0.061,-0.2441,30.0,9.0,-8.0
904.0,3264725804.0,-0.02832,-0.45227,-0.88416,-0.1221,-0.061,-0.1831,30.0,9.0,-8.0
905.0,3264742721.0,-0.02808,-0.45276,-0.88489,-0.1221,-0.1221,-0.2441,30.0,10.0,-8.0
906.0,3264756914.0,-0.0271,-0.45166,-0.88367,-0.061,-0.061,-0.2441,30.0,10.0,-8.0
907.0,3264771923.0,-0.02771,-0.45142,-0.88403,-0.061,-0.061,-0.2441,30.0,10.0,-8.0
908.0,3264786805.0,-0.02856,-0.4519,-0.88354,-0.1221,0.0,-0.1831,30.0,10.0,-8.0
909.0,3264799677.0,-0.02856,-0.453,-0.8833,-0.1221,0.0,-0.1831,30.0,10.0,-8.0
910.0,3264815930.0,-0.02832,-0.45276,-0.88318,-0.061,-0.1221,-0.2441,30.0,10.0,-8.0
911.0,3264827849.0,-0.02759,-0.45312,-0.88403,-0.061,-0.1221,-0.2441,30.0,10.0,-8.0
912.0,3264840808.0,-0.02771,-0.45325,-0.88428,-0.061,0.0,-0.2441,30.0,10.0,-8.0
913.0,3264857703.0,-0.02771,-0.45251,-0.88452,-0.1221,0.0,-0.3052,31.0,9.0,-15.0
914.0,3264873851.0,-0.02795,-0.45227,-0.88477,-0.1221,-0.061,-0.3052,31.0,9.0,-15.0
915.0,3264885846.0,-0.02795,-0.45215,-0.88489,-0.061,0.0,-0.3052,31.0,9.0,-15.0
916.0,3264897840.0,-0.02771,-0.45239,-0.88391,-0.061,0.0,-0.2441,31.0,9.0,-15.0
917.0,3264912782.0,-0.02759,-0.45239,-0.88306,0.0,-0.061,-0.2441,31.0,9.0,-15.0
918.0,3264928674.0,-0.02856,-0.453,-0.88379,-0.061,-0.061,-0.2441,31.0,9.0,-15.0
919.0,3264944651.0,-0.02808,-0.45337,-0.8833,-0.1221,0.0,-0.2441,31.0,9.0,-15.0
920.0,3264960917.0,-0.02844,-0.45288,-0.88184,-0.1221,-0.061,-0.2441,31.0,9.0,-15.0
921.0,3264975725.0,-0.02844,-0.45251,-0.88269,-0.1221,-0.061,-0.2441,32.0,8.0,-12.0
922.0,3264990915.0,-0.02783,-0.45239,-0.8855,-0.1221,-0.061,-0.2441,32.0,8.0,-12.0
923.0,3265004793.0,-0.02808,-0.45276,-0.88562,-0.1221,0.0,-0.2441,32.0,8.0,-12.0
924.0,3265020685.0,-0.02747,-0.45264,-0.88428,-0.1221,-0.061,-0.2441,32.0,8.0,-12.0
925.0,3265032849.0,-0.02759,-0.45239,-0.88477,-0.1221,-0.061,-0.2441,32.0,8.0,-12.0
926.0,3265047852.0,-0.02783,-0.45203,-0.88318,-0.1221,0.0,-0.2441,32.0,8.0,-12.0
927.0,3265062808.0,-0.02808,-0.45166,-0.88281,-0.061,-0.061,-0.1831,32.0,8.0,-12.0
928.0,3265077865.0,-0.02795,-0.4519,-0.88306,-0.061,-0.061,-0.2441,32.0,8.0,-12.0
929.0,3265091611.0,-0.02844,-0.45276,-0.88428,-0.061,0.0,-0.3052,31.0,12.0,-10.0
930.0,3265106911.0,-0.02881,-0.45276,-0.88452,-0.1221,0.0,-0.2441,31.0,12.0,-10.0
931.0,3265120810.0,-0.02905,-0.453,-0.88464,-0.1221,-0.061,-0.2441,31.0,12.0,-10.0
932.0,3265136849.0,-0.02917,-0.45276,-0.88391,-0.1221,-0.061,-0.2441,31.0,12.0,-10.0
933.0,3265151795.0,-0.02844,-0.453,-0.88318,-0.061,0.0,-0.2441,31.0,12.0,-10.0
934.0,3265165671.0,-0.02783,-0.45264,-0.88367,-0.061,0.0,-0.2441,31.0,12.0,-10.0
935.0,3265182843.0,-0.02783,-0.45251,-0.88513,-0.061,0.0,-0.2441,31.0,12.0,-10.0
936.0,3265197810.0,-0.02808,-0.45178,-0.88416,-0.1831,0.0,-0.1831,31.0,12.0,-10.0
937.0,3265213603.0,-0.02686,-0.45337,-0.88354,-0.1221,0.0,-0.1831,32.0,9.0,-9.0
938.0,3265229926.0,-0.02869,-0.45276,-0.88293,-0.1221,-0.061,-0.2441,32.0,9.0,-9.0
939.0,3265242837.0,-0.02881,-0.45178,-0.88354,-0.1221,-0.061,-0.2441,32.0,9.0,-9.0
940.0,3265258919.0,-0.02808,-0.45251,-0.88391,-0.1221,-0.061,-0.2441,32.0,9.0,-9.0
941.0,3265271829.0,-0.0282,-0.45288,-0.88379,-0.1221,0.0,-0.2441,32.0,9.0,-9.0
942.0,3265286942.0,-0.0282,-0.45312,-0.88342,-0.061,-0.061,-0.1831,32.0,9.0,-9.0
943.0,3265301916.0,-0.02844,-0.45276,-0.88367,-0.061,-0.061,-0.1831,32.0,9.0,-9.0
944.0,3265318211.0,-0.02771,-0.45251,-0.88367,-0.2441,0.0,-0.2441,32.0,9.0,-9.0
945.0,3265330729.0,-0.02673,-0.45251,-0.88416,-0.1831,0.0,-0.2441,30.0,10.0,-9.0
946.0,3265342845.0,-0.02661,-0.45264,-0.8833,-0.1221,0.0,-0.2441,30.0,10.0,-9.0
947.0,3265354835.0,-0.02722,-0.45312,-0.88306,-0.1221,0.0,-0.2441,30.0,10.0,-9.0
948.0,3265367798.0,-0.02795,-0.45374,-0.88354,-0.061,0.0,-0.2441,30.0,10.0,-9.0
949.0,3265383918.0,-0.02759,-0.45312,-0.88379,-0.061,0.0,-0.2441,30.0,10.0,-9.0
950.0,3265397838.0,-0.02832,-0.453,-0.88379,-0.1831,-0.061,-0.2441,30.0,10.0,-9.0
951.0,3265413916.0,-0.02832,-0.45178,-0.8833,-0.1831,-0.061,-0.2441,30.0,10.0,-9.0
952.0,3265429202.0,-0.02771,-0.45239,-0.88416,-0.1831,0.0,-0.3052,30.0,10.0,-9.0
953.0,3265441709.0,-0.02795,-0.45227,-0.88464,-0.1831,-0.061,-0.3052,33.0,10.0,-14.0
954.0,3265455680.0,-0.0282,-0.45239,-0.88489,-0.061,-0.061,-0.2441,33.0,10.0,-14.0
955.0,3265470662.0,-0.02759,-0.45349,-0.88416,-0.061,-0.061,-0.2441,33.0,10.0,-14.0
956.0,3265485936.0,-0.02808,-0.45349,-0.88391,-0.061,-0.061,-0.2441,33.0,10.0,-14.0
957.0,3265498212.0,-0.02795,-0.45203,-0.88452,-0.1221,-0.1221,-0.3662,33.0,10.0,-14.0
958.0,3265510333.0,-0.02795,-0.45203,-0.88452,-0.061,-0.1831,-0.6104,33.0,10.0,-14.0
959.0,3265524908.0,-0.02759,-0.45154,-0.88452,-0.061,-0.2441,-0.7935,33.0,10.0,-14.0
960.0,3265538343.0,-0.02808,-0.45154,-0.88513,-0.061,-0.4883,-1.2817,33.0,10.0,-14.0
961.0,3265556615.0,-0.02808,-0.45557,-0.88196,0.0,-0.5493,-1.3428,32.0,7.0,-11.0
962.0,3265572115.0,-0.02759,-0.45215,-0.88293,-0.061,-0.1221,-0.4272,32.0,7.0,-11.0
963.0,3265586790.0,-0.02783,-0.45142,-0.88342,-0.1831,-0.061,-0.1221,32.0,7.0,-11.0
964.0,3265599899.0,-0.02881,-0.4519,-0.88574,-0.1221,-0.061,-0.1831,32.0,7.0,-11.0
965.0,3265614935.0,-0.02832,-0.45312,-0.88611,-0.061,-0.061,-0.2441,32.0,7.0,-11.0
966.0,3265629788.0,-0.02771,-0.45361,-0.88403,-0.1221,-0.061,-0.3052,32.0,7.0,-11.0
967.0,3265642732.0,-0.02808,-0.45239,-0.88269,-0.061,-0.1221,-0.2441,32.0,7.0,-11.0
968.0,3265658909.0,-0.0293,-0.45203,-0.88416,-0.1221,-0.061,-0.3052,32.0,7.0,-11.0
969.0,3265673147.0,-0.02783,-0.45215,-0.88464,-0.1831,-0.061,-0.3052,32.0,8.0,-8.0
970.0,3265686796.0,-0.02698,-0.45312,-0.88452,-0.1221,-0.061,-0.1831,32.0,8.0,-8.0
971.0,3265699797.0,-0.02686,-0.45349,-0.8844,-0.061,-0.061,-0.2441,32.0,8.0,-8.0
972.0,3265709843.0,-0.0282,-0.45349,-0.88391,-0.061,0.0,-0.2441,32.0,8.0,-8.0
973.0,3265723434.0,-0.02869,-0.45227,-0.8844,-0.061,0.0,-0.3052,32.0,8.0,-8.0
974.0,3265738377.0,-0.02881,-0.45154,-0.88403,-0.061,0.0,-0.3052,32.0,8.0,-8.0
975.0,3265752902.0,-0.02832,-0.45288,-0.88428,-0.1221,0.0,-0.3052,32.0,8.0,-8.0
976.0,3265764835.0,-0.0282,-0.45361,-0.88452,-0.1221,0.0,-0.3052,32.0,8.0,-8.0
977.0,3265777619.0,-0.02832,-0.453,-0.88464,-0.1221,-0.061,-0.2441,32.0,8.0,-7.0
978.0,3265792912.0,-0.02747,-0.45154,-0.88428,-0.1221,-0.061,-0.1831,32.0,8.0,-7.0
979.0,3265808838.0,-0.02795,-0.4519,-0.88464,-0.061,0.0,-0.2441,32.0,8.0,-7.0
980.0,3265822810.0,-0.02856,-0.45227,-0.88452,0.0,0.0,-0.1831,32.0,8.0,-7.0
981.0,3265836641.0,-0.02783,-0.45251,-0.88428,0.0,-0.061,-0.2441,32.0,8.0,-7.0
982.0,3265852910.0,-0.02844,-0.45251,-0.88403,-0.061,-0.1221,-0.2441,32.0,8.0,-7.0
983.0,3265865809.0,-0.02869,-0.45203,-0.88342,0.0,-0.061,-0.2441,32.0,8.0,-7.0
984.0,3265878705.0,-0.02844,-0.45166,-0.88379,0.0,-0.061,-0.2441,32.0,8.0,-7.0
985.0,3265895422.0,-0.02808,-0.45264,-0.88452,0.0,-0.061,-0.2441,31.0,8.0,-6.0
986.0,3265910920.0,-0.02771,-0.45349,-0.88464,0.0,-0.1221,-0.2441,31.0,8.0,-6.0
987.0,3265922925.0,-0.02783,-0.45166,-0.88318,-0.061,-0.061,-0.2441,31.0,8.0,-6.0
988.0,3265937930.0,-0.02832,-0.45166,-0.88306,-0.1221,-0.061,-0.2441,31.0,8.0,-6.0
989.0,3265953921.0,-0.0282,-0.45227,-0.88367,-0.1221,-0.061,-0.2441,31.0,8.0,-6.0
990.0,3265967331.0,-0.02771,-0.45239,-0.88354,-0.1221,-0.061,-0.2441,31.0,8.0,-6.0
991.0,3265982205.0,-0.02881,-0.45288,-0.88452,-0.061,0.061,-0.3052,31.0,8.0,-6.0
992.0,3265994387.0,-0.02832,-0.45337,-0.8844,-0.1221,0.061,-0.3052,31.0,8.0,-6.0
993.0,3266009149.0,-0.02734,-0.45325,-0.88403,-0.1221,0.0,-0.3052,31.0,9.0,-6.0
994.0,3266021468.0,-0.02771,-0.45251,-0.88379,-0.061,-0.061,-0.2441,31.0,9.0,-6.0
995.0,3266034438.0,-0.02869,-0.45178,-0.88367,-0.061,0.0,-0.2441,31.0,9.0,-6.0
996.0,3266047346.0,-0.0282,-0.45154,-0.88367,-0.061,0.0,-0.3052,31.0,9.0,-6.0
997.0,3266062838.0,-0.02942,-0.45227,-0.88354,-0.061,0.0,-0.2441,31.0,9.0,-6.0
998.0,3266074834.0,-0.02954,-0.45312,-0.88391,-0.061,0.061,-0.1831,31.0,9.0,-6.0
999.0,3266086826.0,-0.02905,-0.45312,-0.8844,-0.061,0.061,-0.2441,31.0,9.0,-6.0
1000.0,3266098818.0,-0.02881,-0.45288,-0.88464,-0.061,0.0,-0.2441,31.0,9.0,-6.0
1001.0,3266111621.0,-0.02856,-0.45251,-0.88464,-0.1221,-0.061,-0.2441,31.0,9.0,-8.0
1002.0,3266127841.0,-0.02844,-0.45203,-0.88452,-0.1221,-0.061,-0.3052,31.0,9.0,-8.0
1003.0,3266139835.0,-0.02869,-0.45166,-0.88464,-0.061,-0.061,-0.3052,31.0,9.0,-8.0
1004.0,3266151827.0,-0.02808,-0.45129,-0.88464,-0.061,-0.061,-0.3052,31.0,9.0,-8.0
1005.0,3266166900.0,-0.02747,-0.45178,-0.88354,-0.061,0.0,-0.2441,31.0,9.0,-8.0
1006.0,3266181785.0,-0.02771,-0.45178,-0.88342,-0.061,-0.061,-0.3052,31.0,9.0,-8.0
1007.0,3266196802.0,-0.02893,-0.45288,-0.88452,-0.061,0.0,-0.1831,31.0,9.0,-8.0
1008.0,3266208830.0,-0.02954,-0.45312,-0.88452,-0.061,0.0,-0.1831,31.0,9.0,-8.0
1009.0,3266225610.0,-0.02844,-0.45288,-0.88354,-0.1221,0.0,-0.3052,31.0,8.0,-9.0
1010.0,3266238595.0,-0.02783,-0.45203,-0.88281,-0.1221,0.0,-0.2441,31.0,8.0,-9.0
1011.0,3266254823.0,-0.02759,-0.45251,-0.88391,-0.1221,0.0,-0.1831,31.0,8.0,-9.0
1012.0,3266270806.0,-0.02783,-0.45264,-0.88391,-0.1221,-0.061,-0.1831,31.0,8.0,-9.0
1013.0,3266283805.0,-0.0282,-0.4519,-0.88391,-0.061,-0.061,-0.1831,31.0,8.0,-9.0
1014.0,3266297813.0,-0.02759,-0.45166,-0.88367,-0.061,-0.061,-0.2441,31.0,8.0,-9.0
1015.0,3266311792.0,-0.02759,-0.4519,-0.8833,-0.1221,-0.061,-0.3052,31.0,8.0,-9.0
1016.0,3266325895.0,-0.02734,-0.45288,-0.8822,-0.1221,0.0,-0.3052,31.0,8.0,-9.0
1017.0,3266339601.0,-0.02734,-0.45288,-0.88257,-0.1221,0.0,-0.3052,31.0,8.0,-8.0
1018.0,3266355926.0,-0.02759,-0.45251,-0.88538,-0.061,0.0,-0.2441,31.0,8.0,-8.0
1019.0,3266368797.0,-0.02795,-0.45239,-0.88501,-0.1221,0.0,-0.1831,31.0,8.0,-8.0
1020.0,3266384916.0,-0.02905,-0.45166,-0.88403,-0.1221,0.0,-0.2441,31.0,8.0,-8.0
1021.0,3266400810.0,-0.02942,-0.45203,-0.88403,-0.061,0.0,-0.2441,31.0,8.0,-8.0
1022.0,3266416930.0,-0.02856,-0.45166,-0.88391,-0.061,0.0,-0.1831,31.0,8.0,-8.0
1023.0,3266433838.0,-0.02881,-0.45154,-0.88391,-0.1221,0.061,-0.1831,31.0,8.0,-8.0
1024.0,3266449919.0,-0.02795,-0.45227,-0.88391,-0.1221,0.061,-0.1831,31.0,8.0,-8.0
1025.0,3266464087.0,-0.02771,-0.45264,-0.88379,-0.1221,-0.061,-0.2441,32.0,8.0,-10.0
1026.0,3266478823.0,-0.02747,-0.45251,-0.88391,-0.1221,-0.061,-0.3052,32.0,8.0,-10.0
1027.0,3266494932.0,-0.02893,-0.45288,-0.88391,-0.1221,-0.061,-0.2441,32.0,8.0,-10.0
1028.0,3266508908.0,-0.02917,-0.45288,-0.8844,-0.1221,0.0,-0.2441,32.0,8.0,-10.0
1029.0,3266522787.0,-0.02881,-0.45215,-0.88452,-0.1221,0.0,-0.2441,32.0,8.0,-10.0
1030.0,3266534848.0,-0.02832,-0.45227,-0.88428,-0.061,-0.061,-0.2441,32.0,8.0,-10.0
1031.0,3266548916.0,-0.02808,-0.45276,-0.88403,-0.061,-0.061,-0.2441,32.0,8.0,-10.0
1032.0,3266564202.0,-0.02832,-0.45117,-0.88342,-0.061,0.0,-0.2441,32.0,8.0,-10.0
1033.0,3266576723.0,-0.02795,-0.45117,-0.88318,-0.061,-0.061,-0.2441,32.0,8.0,-7.0
1034.0,3266588835.0,-0.02795,-0.45178,-0.88379,-0.061,-0.061,-0.2441,32.0,8.0,-7.0
1035.0,3266603909.0,-0.02808,-0.45239,-0.88538,-0.061,0.0,-0.2441,32.0,8.0,-7.0
1036.0,3266619801.0,-0.02771,-0.45251,-0.88599,-0.061,-0.061,-0.2441,32.0,8.0,-7.0
1037.0,3266633825.0,-0.02771,-0.45227,-0.8855,-0.1221,-0.1221,-0.3052,32.0,8.0,-7.0
1038.0,3266648923.0,-0.02734,-0.45264,-0.88452,-0.1221,-0.061,-0.3052,32.0,8.0,-7.0
1039.0,3266663809.0,-0.02771,-0.45312,-0.88379,-0.1831,0.0,-0.2441,32.0,8.0,-7.0
1040.0,3266675841.0,-0.02893,-0.45215,-0.88306,-0.1221,0.0,-0.1831,32.0,8.0,-7.0
1041.0,3266692704.0,-0.02893,-0.45276,-0.8844,-0.1221,0.0,-0.2441,33.0,7.0,-10.0
1042.0,3266706607.0,-0.02869,-0.45227,-0.88269,-0.1221,-0.061,-0.2441,33.0,7.0,-10.0
1043.0,3266722928.0,-0.02808,-0.45227,-0.88293,-0.1221,-0.061,-0.2441,33.0,7.0,-10.0
1044.0,3266736904.0,-0.02771,-0.45276,-0.88306,-0.1221,-0.061,-0.1831,33.0,7.0,-10.0
1045.0,3266746850.0,-0.02869,-0.45154,-0.88403,-0.1221,0.0,-0.1831,33.0,7.0,-10.0
1046.0,3266762906.0,-0.02893,-0.45093,-0.8844,-0.061,-0.061,-0.2441,33.0,7.0,-10.0
1047.0,3266775806.0,-0.02869,-0.45227,-0.88306,-0.1221,-0.061,-0.2441,33.0,7.0,-10.0
1048.0,3266788732.0,-0.02844,-0.45288,-0.88391,-0.1831,0.0,-0.3052,33.0,7.0,-10.0
1049.0,3266802405.0,-0.02771,-0.45312,-0.88428,-0.1221,0.0,-0.3052,31.0,6.0,-8.0
1050.0,3266818407.0,-0.02856,-0.45215,-0.88281,-0.061,-0.061,-0.2441,31.0,6.0,-8.0
1051.0,3266834927.0,-0.02856,-0.45203,-0.8833,-0.061,-0.061,-0.1831,31.0,6.0,-8.0
1052.0,3266849937.0,-0.02783,-0.45251,-0.88452,-0.1221,-0.061,-0.1831,31.0,6.0,-8.0
1053.0,3266858851.0,-0.02844,-0.45215,-0.8844,-0.1831,-0.061,-0.2441,31.0,6.0,-8.0
1054.0,3266870816.0,-0.02869,-0.45178,-0.88403,-0.1831,-0.061,-0.2441,31.0,6.0,-8.0
1055.0,3266882839.0,-0.02832,-0.45227,-0.88403,-0.1831,0.0,-0.1831,31.0,6.0,-8.0
1056.0,3266898791.0,-0.02808,-0.45166,-0.88245,-0.1221,-0.061,-0.2441,31.0,6.0,-8.0
1057.0,3266915502.0,-0.02832,-0.45117,-0.88232,-0.1221,-0.061,-0.2441,32.0,10.0,-10.0
1058.0,3266927821.0,-0.0282,-0.45337,-0.88379,-0.061,-0.061,-0.2441,32.0,10.0,-10.0
1059.0,3266942928.0,-0.02808,-0.45337,-0.88464,-0.061,-0.061,-0.1831,32.0,10.0,-10.0
1060.0,3266957740.0,-0.02734,-0.45166,-0.88513,-0.061,-0.061,-0.1831,32.0,10.0,-10.0
1061.0,3266969813.0,-0.02734,-0.45129,-0.88464,-0.1221,0.0,-0.2441,32.0,10.0,-10.0
1062.0,3266983702.0,-0.02734,-0.45178,-0.8844,-0.1221,0.0,-0.3052,32.0,10.0,-10.0
1063.0,3266999700.0,-0.02942,-0.45276,-0.88489,-0.1831,-0.061,-0.2441,32.0,10.0,-10.0
1064.0,3267012641.0,-0.02917,-0.453,-0.88513,-0.1831,-0.061,-0.2441,32.0,10.0,-10.0
1065.0,3267027500.0,-0.02844,-0.45215,-0.88464,-0.1831,0.0,-0.2441,31.0,9.0,-11.0
1066.0,3267042427.0,-0.02844,-0.45178,-0.8844,-0.1221,0.0,-0.3052,31.0,9.0,-11.0
1067.0,3267057926.0,-0.02832,-0.45337,-0.88391,-0.061,-0.1221,-0.2441,31.0,9.0,-11.0
1068.0,3267070789.0,-0.02856,-0.45325,-0.8844,-0.061,-0.061,-0.1831,31.0,9.0,-11.0
1069.0,3267085902.0,-0.02783,-0.453,-0.88513,-0.061,0.0,-0.1831,31.0,9.0,-11.0
1070.0,3267097833.0,-0.02734,-0.45203,-0.88367,-0.1221,0.0,-0.1831,31.0,9.0,-11.0
1071.0,3267110741.0,-0.02686,-0.4519,-0.88281,-0.1221,-0.061,-0.2441,31.0,9.0,-11.0
1072.0,3267124736.0,-0.02698,-0.45227,-0.88342,-0.1221,-0.061,-0.2441,31.0,9.0,-11.0
1073.0,3267138494.0,-0.02832,-0.45276,-0.88452,-0.1221,0.0,-0.2441,31.0,8.0,-10.0
1074.0,3267153893.0,-0.02856,-0.45276,-0.88379,-0.061,0.0,-0.2441,31.0,8.0,-10.0
1075.0,3267167799.0,-0.02881,-0.45337,-0.88391,-0.061,0.0,-0.1831,31.0,8.0,-10.0
1076.0,3267182916.0,-0.02844,-0.45361,-0.88391,-0.061,0.0,-0.1831,31.0,8.0,-10.0
1077.0,3267198818.0,-0.0282,-0.45325,-0.8844,-0.061,0.0,-0.2441,31.0,8.0,-10.0
1078.0,3267214798.0,-0.02795,-0.45166,-0.8844,-0.1221,0.0,-0.2441,31.0,8.0,-10.0
1079.0,3267229739.0,-0.02771,-0.45178,-0.88428,-0.061,0.0,-0.3052,31.0,8.0,-10.0
1080.0,3267245903.0,-0.02795,-0.45154,-0.88391,-0.061,-0.061,-0.2441,31.0,8.0,-10.0
1081.0,3267256397.0,-0.02832,-0.4519,-0.88525,-0.061,-0.061,-0.2441,32.0,10.0,-11.0
1082.0,3267272740.0,-0.02881,-0.45239,-0.88501,-0.061,-0.061,-0.2441,32.0,10.0,-11.0
1083.0,3267284814.0,-0.02893,-0.45312,-0.88391,-0.061,-0.061,-0.2441,32.0,10.0,-11.0
1084.0,3267296838.0,-0.02856,-0.45349,-0.88354,-0.061,-0.1221,-0.2441,32.0,10.0,-11.0
1085.0,3267308831.0,-0.02869,-0.45227,-0.8833,-0.061,-0.1831,-0.2441,32.0,10.0,-11.0
1086.0,3267320824.0,-0.02893,-0.45203,-0.88379,-0.061,-0.1221,-0.1831,32.0,10.0,-11.0
1087.0,3267333742.0,-0.02856,-0.45276,-0.88477,-0.1221,-0.061,-0.2441,32.0,10.0,-11.0
1088.0,3267349907.0,-0.02881,-0.45239,-0.88477,-0.1221,0.0,-0.2441,32.0,10.0,-11.0
1089.0,3267362602.0,-0.02893,-0.45227,-0.8844,-0.1221,0.0,-0.2441,31.0,10.0,-12.0
1090.0,3267375468.0,-0.02808,-0.45239,-0.88391,-0.061,-0.061,-0.2441,31.0,10.0,-12.0
1091.0,3267390921.0,-0.0282,-0.45239,-0.88428,-0.061,-0.061,-0.1831,31.0,10.0,-12.0
1092.0,3267403793.0,-0.02881,-0.45178,-0.88416,-0.1221,0.0,-0.2441,31.0,10.0,-12.0
1093.0,3267415826.0,-0.02893,-0.45142,-0.88379,-0.061,0.0,-0.2441,31.0,10.0,-12.0
1094.0,3267426900.0,-0.02905,-0.45178,-0.88416,-0.061,-0.061,-0.2441,31.0,10.0,-12.0
1095.0,3267441743.0,-0.02869,-0.45239,-0.8844,-0.061,-0.061,-0.1831,31.0,10.0,-12.0
1096.0,3267457906.0,-0.0293,-0.4519,-0.88379,0.0,-0.061,-0.2441,31.0,10.0,-12.0
1097.0,3267470605.0,-0.0293,-0.4519,-0.88367,-0.061,-0.061,-0.2441,31.0,10.0,-7.0
1098.0,3267483579.0,-0.02869,-0.45288,-0.88354,-0.1221,-0.061,-0.3052,31.0,10.0,-7.0
1099.0,3267498924.0,-0.02869,-0.4519,-0.88293,-0.1221,-0.061,-0.3052,31.0,10.0,-7.0
1100.0,3267511794.0,-0.02905,-0.45154,-0.88306,-0.061,0.0,-0.3052,31.0,10.0,-7.0
1101.0,3267527913.0,-0.02917,-0.45276,-0.88416,-0.1221,0.0,-0.3052,31.0,10.0,-7.0
1102.0,3267542896.0,-0.02869,-0.45203,-0.88416,-0.1221,0.0,-0.3052,31.0,10.0,-7.0
1103.0,3267557911.0,-0.02759,-0.45203,-0.88318,0.0,0.0,-0.2441,31.0,10.0,-7.0
1104.0,3267573731.0,-0.02759,-0.45264,-0.88354,-0.061,-0.061,-0.2441,31.0,10.0,-7.0
1105.0,3267588513.0,-0.02759,-0.45227,-0.88428,-0.1221,-0.061,-0.3052,33.0,9.0,-8.0
1106.0,3267601501.0,-0.02795,-0.45142,-0.8844,-0.061,0.0,-0.2441,33.0,9.0,-8.0
1107.0,3267617819.0,-0.0282,-0.45203,-0.88367,-0.061,0.0,-0.2441,33.0,9.0,-8.0
1108.0,3267632794.0,-0.02808,-0.45215,-0.88391,-0.061,-0.061,-0.2441,33.0,9.0,-8.0
1109.0,3267647735.0,-0.0282,-0.4519,-0.88379,-0.061,-0.061,-0.2441,33.0,9.0,-8.0
1110.0,3267662740.0,-0.02917,-0.4519,-0.88403,-0.1221,-0.061,-0.2441,33.0,9.0,-8.0
1111.0,3267676899.0,-0.02893,-0.45239,-0.8844,-0.061,-0.061,-0.2441,33.0,9.0,-8.0
1112.0,3267689799.0,-0.02783,-0.45215,-0.88391,-0.061,-0.061,-0.1831,33.0,9.0,-8.0
1113.0,3267699616.0,-0.0282,-0.45166,-0.88416,-0.061,-0.061,-0.2441,31.0,8.0,-10.0
1114.0,3267715902.0,-0.02869,-0.4519,-0.8844,-0.1831,0.0,-0.2441,31.0,8.0,-10.0
1115.0,3267729736.0,-0.0282,-0.45312,-0.88428,-0.1221,0.0,-0.2441,31.0,8.0,-10.0
1116.0,3267742646.0,-0.02844,-0.45239,-0.88318,-0.061,0.0,-0.1831,31.0,8.0,-10.0
1117.0,3267756605.0,-0.02869,-0.45215,-0.8833,-0.061,0.0,-0.1831,31.0,8.0,-10.0
1118.0,3267768818.0,-0.02869,-0.45239,-0.88403,-0.1221,-0.061,-0.1831,31.0,8.0,-10.0
1119.0,3267773705.0,-0.02856,-0.45227,-0.88525,-0.1221,-0.061,-0.1831,31.0,8.0,-10.0
1120.0,3267791659.0,-0.02869,-0.45142,-0.88513,-0.061,-0.061,-0.2441,31.0,8.0,-10.0
1121.0,3267803617.0,-0.0282,-0.45129,-0.88489,-0.061,0.0,-0.2441,32.0,9.0,-8.0
1122.0,3267819813.0,-0.02795,-0.453,-0.88452,-0.1221,0.0,-0.2441,32.0,9.0,-8.0
1123.0,3267833741.0,-0.02795,-0.45276,-0.88403,-0.061,-0.061,-0.2441,32.0,9.0,-8.0
1124.0,3267847745.0,-0.02759,-0.45203,-0.88367,-0.061,-0.061,-0.3052,32.0,9.0,-8.0
1125.0,3267863908.0,-0.02783,-0.45215,-0.88501,-0.061,-0.061,-0.3052,32.0,9.0,-8.0
1126.0,3267878894.0,-0.02808,-0.45203,-0.88513,-0.1831,-0.061,-0.2441,32.0,9.0,-8.0
1127.0,3267890829.0,-0.02783,-0.45203,-0.88464,-0.1221,-0.061,-0.1831,32.0,9.0,-8.0
1128.0,3267902888.0,-0.02783,-0.45239,-0.88525,-0.1221,-0.061,-0.1831,32.0,9.0,-8.0
1129.0,3267918695.0,-0.02783,-0.453,-0.88574,-0.1221,0.0,-0.2441,31.0,7.0,-5.0
1130.0,3267934893.0,-0.02734,-0.4519,-0.88379,-0.061,-0.061,-0.2441,31.0,7.0,-5.0
1131.0,3267950915.0,-0.02917,-0.4519,-0.88477,-0.061,-0.061,-0.2441,31.0,7.0,-5.0
1132.0,3267964833.0,-0.02942,-0.4519,-0.8855,-0.1221,-0.061,-0.1831,31.0,7.0,-5.0
1133.0,3267977748.0,-0.02917,-0.45203,-0.88513,-0.1221,-0.061,-0.2441,31.0,7.0,-5.0
1134.0,3267992734.0,-0.02808,-0.45239,-0.8833,-0.1221,-0.1221,-0.2441,31.0,7.0,-5.0
1135.0,3268008778.0,-0.02869,-0.45215,-0.8844,-0.1221,-0.1221,-0.2441,31.0,7.0,-5.0
1136.0,3268021768.0,-0.02832,-0.45239,-0.88501,-0.1221,-0.061,-0.2441,31.0,7.0,-5.0
1137.0,3268036496.0,-0.02734,-0.45264,-0.8844,-0.1221,0.0,-0.2441,31.0,8.0,-11.0
1138.0,3268051421.0,-0.02844,-0.45312,-0.88416,-0.061,0.0,-0.2441,31.0,8.0,-11.0
1139.0,3268066405.0,-0.02893,-0.453,-0.88501,-0.061,0.0,-0.2441,31.0,8.0,-11.0
1140.0,3268081895.0,-0.02881,-0.45227,-0.88452,-0.1221,0.0,-0.3052,31.0,8.0,-11.0
1141.0,3268094797.0,-0.02808,-0.45251,-0.88428,-0.1221,0.0,-0.2441,31.0,8.0,-11.0
1142.0,3268108717.0,-0.02771,-0.45312,-0.8844,-0.061,0.061,-0.2441,31.0,8.0,-11.0
1143.0,3268123917.0,-0.0282,-0.45117,-0.88379,-0.061,0.061,-0.2441,31.0,8.0,-11.0
1144.0,3268138817.0,-0.02808,-0.45129,-0.88428,0.0,-0.061,-0.2441,31.0,8.0,-11.0
1145.0,3268152492.0,-0.02869,-0.45312,-0.88489,-0.061,-0.061,-0.2441,31.0,9.0,-8.0
1146.0,3268167502.0,-0.02905,-0.453,-0.88538,-0.1221,-0.061,-0.2441,31.0,9.0,-8.0
1147.0,3268183823.0,-0.02844,-0.4519,-0.88452,-0.061,0.0,-0.2441,31.0,9.0,-8.0
1148.0,3268197776.0,-0.02795,-0.45215,-0.88428,0.0,-0.061,-0.2441,31.0,9.0,-8.0
1149.0,3268210689.0,-0.02783,-0.45264,-0.8844,0.0,-0.061,-0.2441,31.0,9.0,-8.0
1150.0,3268232190.0,-0.0282,-0.45288,-0.88489,-0.1831,0.061,-0.2441,31.0,9.0,-8.0
1151.0,3268244414.0,-0.02771,-0.45203,-0.88525,-0.1831,0.061,-0.2441,31.0,9.0,-8.0
1152.0,3268258420.0,-0.02698,-0.45203,-0.88477,-0.1831,0.0,-0.2441,31.0,9.0,-8.0
1153.0,3268275675.0,-0.02771,-0.45227,-0.8844,-0.061,-0.1221,-0.2441,31.0,9.0,-9.0
1154.0,3268290907.0,-0.02966,-0.45239,-0.88428,-0.1221,0.0,-0.3052,31.0,9.0,-9.0
1155.0,3268305893.0,-0.02917,-0.45227,-0.88501,-0.1221,-0.061,-0.2441,31.0,9.0,-9.0
1156.0,3268321915.0,-0.02808,-0.45264,-0.88501,-0.1221,-0.061,-0.3052,31.0,9.0,-9.0
1157.0,3268330828.0,-0.02856,-0.45264,-0.88403,-0.061,0.0,-0.3052,31.0,9.0,-9.0
1158.0,3268344893.0,-0.02856,-0.45251,-0.88391,-0.061,0.0,-0.2441,31.0,9.0,-9.0
1159.0,3268358729.0,-0.02832,-0.45239,-0.88464,-0.1221,-0.061,-0.2441,31.0,9.0,-9.0
1160.0,3268372647.0,-0.02771,-0.453,-0.8844,-0.1221,-0.061,-0.3052,31.0,9.0,-9.0
1161.0,3268388385.0,-0.02759,-0.45276,-0.88379,-0.1221,0.0,-0.2441,32.0,10.0,-12.0
1162.0,3268403913.0,-0.02808,-0.45288,-0.88452,-0.061,-0.061,-0.1831,32.0,10.0,-12.0
1163.0,3268416743.0,-0.02808,-0.45264,-0.88367,-0.1221,-0.061,-0.2441,32.0,10.0,-12.0
1164.0,3268428819.0,-0.02844,-0.45215,-0.88354,-0.1221,-0.061,-0.2441,32.0,10.0,-12.0
1165.0,3268439893.0,-0.02881,-0.45203,-0.88403,-0.1221,-0.061,-0.2441,32.0,10.0,-12.0
1166.0,3268455745.0,-0.02795,-0.45264,-0.88477,-0.1221,-0.061,-0.2441,32.0,10.0,-12.0
1167.0,3268470901.0,-0.02856,-0.45276,-0.88525,-0.1221,-0.061,-0.2441,32.0,10.0,-12.0
1168.0,3268483899.0,-0.02881,-0.45117,-0.88379,-0.061,-0.061,-0.3052,32.0,10.0,-12.0
1169.0,3268497490.0,-0.02747,-0.45154,-0.88354,-0.061,0.0,-0.3052,32.0,10.0,-7.0
1170.0,3268510403.0,-0.02722,-0.45288,-0.8844,-0.061,-0.061,-0.2441,32.0,10.0,-7.0
1171.0,3268526809.0,-0.02869,-0.453,-0.88379,-0.061,-0.061,-0.2441,32.0,10.0,-7.0
1172.0,3268543809.0,-0.02905,-0.45215,-0.88416,-0.061,-0.061,-0.3052,32.0,10.0,-7.0
1173.0,3268556713.0,-0.02783,-0.45142,-0.88367,-0.061,-0.061,-0.1831,32.0,10.0,-7.0
1174.0,3268571653.0,-0.02734,-0.45166,-0.8833,-0.061,-0.061,-0.1831,32.0,10.0,-7.0
1175.0,3268586620.0,-0.02759,-0.45276,-0.88489,-0.061,0.0,-0.2441,32.0,10.0,-7.0
1176.0,3268602888.0,-0.0282,-0.45276,-0.88452,-0.061,0.061,-0.2441,32.0,10.0,-7.0
1177.0,3268615615.0,-0.02808,-0.45251,-0.88342,-0.061,0.0,-0.1831,31.0,10.0,-10.0
1178.0,3268631512.0,-0.02795,-0.45215,-0.88306,-0.061,0.0,-0.3052,31.0,10.0,-10.0
1179.0,3268645412.0,-0.02991,-0.45227,-0.8844,-0.061,0.0,-0.3052,31.0,10.0,-10.0
1180.0,3268661908.0,-0.02966,-0.45215,-0.88342,-0.061,-0.061,-0.3052,31.0,10.0,-10.0
1181.0,3268674737.0,-0.02808,-0.45288,-0.88416,-0.1221,0.0,-0.2441,31.0,10.0,-10.0
1182.0,3268688655.0,-0.02771,-0.45251,-0.88379,-0.1221,-0.061,-0.2441,31.0,10.0,-10.0
1183.0,3268703898.0,-0.02771,-0.45288,-0.88501,-0.1221,-0.061,-0.1831,31.0,10.0,-10.0
1184.0,3268719891.0,-0.02808,-0.45288,-0.88525,-0.061,0.061,-0.2441,31.0,10.0,-10.0
1185.0,3268733562.0,-0.02832,-0.45227,-0.88403,-0.061,0.061,-0.2441,31.0,11.0,-12.0
1186.0,3268750806.0,-0.02881,-0.45239,-0.88416,-0.061,0.061,-0.2441,31.0,11.0,-12.0
1187.0,3268765880.0,-0.02844,-0.45227,-0.88464,-0.061,0.061,-0.1831,31.0,11.0,-12.0
1188.0,3268778738.0,-0.02881,-0.45215,-0.88501,0.0,-0.061,-0.2441,31.0,11.0,-12.0
1189.0,3268794902.0,-0.02832,-0.45227,-0.88489,0.0,-0.061,-0.1831,31.0,11.0,-12.0
1190.0,3268808739.0,-0.02795,-0.45215,-0.88428,-0.1221,-0.061,-0.2441,31.0,11.0,-12.0
1191.0,3268822769.0,-0.02771,-0.45239,-0.88379,-0.061,-0.061,-0.2441,31.0,11.0,-12.0
1192.0,3268834820.0,-0.02783,-0.45154,-0.88391,0.0,0.0,-0.2441,31.0,11.0,-12.0
1193.0,3268847589.0,-0.02771,-0.45239,-0.88464,-0.061,0.0,-0.2441,30.0,7.0,-8.0
1194.0,3268857622.0,-0.02759,-0.45337,-0.88525,-0.1221,-0.061,-0.3052,30.0,7.0,-8.0
1195.0,3268869824.0,-0.02795,-0.45239,-0.88525,-0.1221,-0.061,-0.3052,30.0,7.0,-8.0
1196.0,3268884824.0,-0.02917,-0.45203,-0.88379,-0.061,0.0,-0.2441,30.0,7.0,-8.0
1197.0,3268896823.0,-0.0293,-0.45251,-0.88391,-0.061,-0.061,-0.2441,30.0,7.0,-8.0
1198.0,3268908824.0,-0.02905,-0.45203,-0.88367,-0.061,-0.061,-0.2441,30.0,7.0,-8.0
1199.0,3268924736.0,-0.02832,-0.45129,-0.88342,-0.061,-0.1221,-0.2441,30.0,7.0,-8.0
1200.0,3268939890.0,-0.02783,-0.4519,-0.88416,-0.061,-0.061,-0.2441,30.0,7.0,-8.0
1201.0,3268954487.0,-0.02771,-0.45264,-0.8844,-0.061,-0.061,-0.2441,30.0,8.0,-8.0
1202.0,3268970896.0,-0.02808,-0.45154,-0.88354,-0.1221,0.0,-0.2441,30.0,8.0,-8.0
1203.0,3268984733.0,-0.02832,-0.45239,-0.88403,-0.1831,0.0,-0.3052,30.0,8.0,-8.0
1204.0,3268996809.0,-0.02808,-0.453,-0.88428,-0.1221,-0.061,-0.3052,30.0,8.0,-8.0
1205.0,3269011880.0,-0.02795,-0.45251,-0.88416,-0.1221,-0.1221,-0.2441,30.0,8.0,-8.0
1206.0,3269025772.0,-0.02856,-0.45166,-0.88379,-0.1221,-0.1221,-0.2441,30.0,8.0,-8.0
1207.0,3269041908.0,-0.02844,-0.45154,-0.88403,-0.061,0.0,-0.3052,30.0,8.0,-8.0
1208.0,3269056825.0,-0.02856,-0.45239,-0.88342,-0.1221,0.0,-0.3052,30.0,8.0,-8.0
1209.0,3269070394.0,-0.02881,-0.45288,-0.88306,-0.061,-0.061,-0.2441,32.0,9.0,-9.0
1210.0,3269084877.0,-0.02832,-0.45227,-0.88306,-0.061,-0.061,-0.2441,32.0,9.0,-9.0
1211.0,3269100808.0,-0.02783,-0.45251,-0.88416,-0.061,-0.061,-0.3052,32.0,9.0,-9.0
1212.0,3269113728.0,-0.02795,-0.45288,-0.88452,-0.061,0.0,-0.2441,32.0,9.0,-9.0
1213.0,3269129632.0,-0.02917,-0.4519,-0.88391,-0.061,-0.061,-0.2441,32.0,9.0,-9.0
1214.0,3269143898.0,-0.02722,-0.45166,-0.88416,-0.1221,-0.061,-0.2441,32.0,9.0,-9.0
1215.0,3269153579.0,-0.0271,-0.45203,-0.88367,-0.1221,-0.061,-0.2441,32.0,9.0,-9.0
1216.0,3269169816.0,-0.02722,-0.45251,-0.88379,-0.1221,0.0,-0.2441,32.0,9.0,-9.0
1217.0,3269186481.0,-0.0282,-0.45264,-0.88428,-0.061,0.0,-0.2441,34.0,10.0,-11.0
1218.0,3269200399.0,-0.02808,-0.45215,-0.88367,-0.061,-0.061,-0.2441,34.0,10.0,-11.0
1219.0,3269216897.0,-0.02795,-0.45129,-0.88379,-0.1221,0.0,-0.1831,34.0,10.0,-11.0
1220.0,3269231909.0,-0.02783,-0.45239,-0.88391,-0.061,0.0,-0.2441,34.0,10.0,-11.0
1221.0,3269247731.0,-0.02905,-0.45325,-0.88464,0.0,0.0,-0.2441,34.0,10.0,-11.0
1222.0,3269262885.0,-0.02856,-0.45239,-0.88464,-0.061,0.061,-0.2441,34.0,10.0,-11.0
1223.0,3269275793.0,-0.02771,-0.4519,-0.88293,-0.1221,0.061,-0.2441,34.0,10.0,-11.0
1224.0,3269290901.0,-0.02808,-0.45239,-0.88306,-0.1221,0.0,-0.2441,34.0,10.0,-11.0
1225.0,3269303581.0,-0.02869,-0.45288,-0.88342,-0.061,-0.061,-0.2441,31.0,9.0,-7.0
1226.0,3269316556.0,-0.02808,-0.45276,-0.88342,-0.1221,0.0,-0.3052,31.0,9.0,-7.0
1227.0,3269331885.0,-0.02795,-0.45239,-0.88342,-0.1221,-0.061,-0.3052,31.0,9.0,-7.0
1228.0,3269343819.0,-0.0282,-0.45288,-0.88416,-0.1221,0.0,-0.3052,31.0,9.0,-7.0
1229.0,3269359730.0,-0.02869,-0.45215,-0.88391,-0.061,0.0,-0.1831,31.0,9.0,-7.0
1230.0,3269375631.0,-0.02856,-0.45203,-0.88367,-0.061,-0.061,-0.1831,31.0,9.0,-7.0
1231.0,3269392801.0,-0.02808,-0.45239,-0.88391,-0.061,-0.1221,-0.1831,31.0,9.0,-7.0
1232.0,3269404793.0,-0.02856,-0.45203,-0.88403,-0.061,-0.1831,-0.1831,31.0,9.0,-7.0
1233.0,3269417576.0,-0.02747,-0.45227,-0.88391,-0.061,-0.1221,-0.2441,32.0,10.0,-6.0
1234.0,3269432899.0,-0.02808,-0.45239,-0.88342,-0.1221,-0.061,-0.2441,32.0,10.0,-6.0
1235.0,3269444801.0,-0.02917,-0.45264,-0.8833,-0.1221,-0.061,-0.2441,32.0,10.0,-6.0
1236.0,3269458725.0,-0.02808,-0.45251,-0.88379,-0.061,-0.061,-0.3052,32.0,10.0,-6.0
1237.0,3269471641.0,-0.02808,-0.45203,-0.88464,-0.061,-0.061,-0.3662,32.0,10.0,-6.0
1238.0,3269486882.0,-0.02893,-0.45215,-0.8833,-0.1221,-0.061,-0.3052,32.0,10.0,-6.0
1239.0,3269496870.0,-0.02881,-0.45166,-0.88318,-0.1221,0.0,-0.3052,32.0,10.0,-6.0
1240.0,3269512885.0,-0.02856,-0.45203,-0.88416,-0.061,0.0,-0.2441,32.0,10.0,-6.0
1241.0,3269529664.0,-0.0282,-0.45312,-0.88477,-0.061,-0.061,-0.2441,32.0,10.0,-11.0
1242.0,3269546821.0,-0.02795,-0.45239,-0.88525,-0.1221,0.0,-0.2441,32.0,10.0,-11.0
1243.0,3269561895.0,-0.02795,-0.45178,-0.8844,-0.061,-0.061,-0.2441,32.0,10.0,-11.0
1244.0,3269574725.0,-0.0282,-0.45203,-0.88391,-0.061,-0.1221,-0.2441,32.0,10.0,-11.0
1245.0,3269590887.0,-0.0282,-0.45227,-0.88477,-0.1221,-0.061,-0.1831,32.0,10.0,-11.0
1246.0,3269605728.0,-0.02856,-0.45154,-0.88416,-0.1221,0.0,-0.3052,32.0,10.0,-11.0
1247.0,3269618640.0,-0.02856,-0.45117,-0.88379,-0.1221,0.0,-0.3052,32.0,10.0,-11.0
1248.0,3269630803.0,-0.02844,-0.45117,-0.88281,-0.1221,-0.061,-0.3052,32.0,10.0,-11.0
1249.0,3269646524.0,-0.02832,-0.4519,-0.88342,-0.061,0.0,-0.2441,32.0,9.0,-6.0
1250.0,3269659410.0,-0.02808,-0.45203,-0.88367,0.061,0.0,-0.1831,32.0,9.0,-6.0
1251.0,3269674901.0,-0.02795,-0.45203,-0.88367,0.0,0.0,-0.1831,32.0,9.0,-6.0
1252.0,3269690719.0,-0.02832,-0.45264,-0.88403,-0.1221,0.061,-0.2441,32.0,9.0,-6.0
1253.0,3269701819.0,-0.02893,-0.4519,-0.88403,-0.1831,0.0,-0.2441,32.0,9.0,-6.0
1254.0,3269718783.0,-0.02942,-0.4519,-0.88416,-0.1221,0.0,-0.2441,32.0,9.0,-6.0
1255.0,3269734715.0,-0.02905,-0.45276,-0.8844,-0.061,0.0,-0.3052,32.0,9.0,-6.0
1256.0,3269747713.0,-0.02808,-0.45227,-0.88306,-0.1221,-0.061,-0.3052,32.0,9.0,-6.0
1257.0,3269759667.0,-0.02808,-0.45178,-0.8833,-0.1221,-0.061,-0.3052,32.0,10.0,-10.0
1258.0,3269775883.0,-0.02856,-0.4519,-0.88477,-0.061,0.0,-0.3052,32.0,10.0,-10.0
1259.0,3269791901.0,-0.02832,-0.45251,-0.88525,-0.061,-0.061,-0.3052,32.0,10.0,-10.0
1260.0,3269804733.0,-0.02808,-0.4519,-0.88428,-0.1221,0.0,-0.2441,32.0,10.0,-10.0
1261.0,3269818658.0,-0.02844,-0.45129,-0.88379,-0.1831,0.0,-0.2441,32.0,10.0,-10.0
1262.0,3269833895.0,-0.02856,-0.45166,-0.88391,-0.1831,-0.061,-0.3052,32.0,10.0,-10.0
1263.0,3269848879.0,-0.02869,-0.45288,-0.88342,-0.1221,-0.061,-0.3052,32.0,10.0,-10.0
1264.0,3269863895.0,-0.02771,-0.453,-0.88306,-0.061,-0.061,-0.3052,32.0,10.0,-10.0
1265.0,3269880670.0,-0.02795,-0.45251,-0.88464,-0.061,0.0,-0.2441,32.0,9.0,-9.0
1266.0,3269893565.0,-0.0282,-0.45264,-0.88501,-0.1221,-0.061,-0.3052,32.0,9.0,-9.0
1267.0,3269906893.0,-0.02832,-0.45325,-0.8844,-0.1221,-0.061,-0.3052,32.0,9.0,-9.0
1268.0,3269922885.0,-0.02771,-0.45312,-0.88477,-0.1221,-0.061,-0.2441,32.0,9.0,-9.0
1269.0,3269937869.0,-0.02686,-0.45166,-0.88501,-0.1221,-0.061,-0.2441,32.0,9.0,-9.0
1270.0,3269949805.0,-0.02783,-0.45105,-0.88452,-0.1221,0.0,-0.2441,32.0,9.0,-9.0
1271.0,3269963718.0,-0.02881,-0.45154,-0.88342,-0.1221,-0.061,-0.2441,32.0,9.0,-9.0
1272.0,3269978683.0,-0.02795,-0.45264,-0.88416,-0.1221,-0.061,-0.2441,32.0,9.0,-9.0
1273.0,3269991578.0,-0.02759,-0.45239,-0.88342,-0.061,-0.061,-0.2441,32.0,8.0,-5.0
1274.0,3270003787.0,-0.02747,-0.45203,-0.88306,-0.061,0.0,-0.2441,32.0,8.0,-5.0
1275.0,3270016679.0,-0.02759,-0.45166,-0.88257,-0.061,0.0,-0.1831,32.0,8.0,-5.0
1276.0,3270031893.0,-0.02905,-0.45227,-0.88416,-0.061,-0.061,-0.2441,32.0,8.0,-5.0
1277.0,3270047885.0,-0.02771,-0.45276,-0.88391,-0.061,-0.061,-0.3052,32.0,8.0,-5.0
1278.0,3270060713.0,-0.02722,-0.45239,-0.88318,-0.061,-0.061,-0.3052,32.0,8.0,-5.0
1279.0,3270072788.0,-0.02747,-0.45227,-0.88342,-0.061,-0.061,-0.2441,32.0,8.0,-5.0
1280.0,3270087892.0,-0.02808,-0.45154,-0.88464,-0.061,-0.061,-0.2441,32.0,8.0,-5.0
1281.0,3270100573.0,-0.02808,-0.4519,-0.88477,0.0,-0.061,-0.1831,32.0,8.0,-13.0
1282.0,3270115559.0,-0.02795,-0.45251,-0.88489,0.0,-0.061,-0.1831,32.0,8.0,-13.0
1283.0,3270131639.0,-0.02893,-0.45239,-0.8844,-0.1831,0.0,-0.2441,32.0,8.0,-13.0
1284.0,3270146882.0,-0.02881,-0.45264,-0.88342,-0.1221,-0.061,-0.2441,32.0,8.0,-13.0
1285.0,3270161724.0,-0.02759,-0.45264,-0.88367,-0.061,0.0,-0.3052,32.0,8.0,-13.0
1286.0,3270176678.0,-0.02722,-0.45227,-0.88416,-0.061,-0.061,-0.3052,32.0,8.0,-13.0
1287.0,3270191639.0,-0.02722,-0.45154,-0.88403,-0.1221,0.0,-0.3052,32.0,8.0,-13.0
1288.0,3270206878.0,-0.02795,-0.45178,-0.88354,-0.061,0.0,-0.3052,32.0,8.0,-13.0
1289.0,3270220551.0,-0.02844,-0.453,-0.88342,0.0,-0.061,-0.3052,31.0,9.0,-5.0
1290.0,3270232606.0,-0.02856,-0.45239,-0.88428,0.061,-0.061,-0.2441,31.0,9.0,-5.0
1291.0,3270248901.0,-0.02869,-0.45166,-0.88403,-0.1221,-0.061,-0.2441,31.0,9.0,-5.0
1292.0,3270264894.0,-0.0293,-0.45251,-0.88354,-0.061,-0.1221,-0.3052,31.0,9.0,-5.0
1293.0,3270280796.0,-0.02844,-0.45276,-0.88452,-0.061,-0.061,-0.3052,31.0,9.0,-5.0
1294.0,3270295868.0,-0.02832,-0.45215,-0.8844,-0.1221,0.0,-0.3052,31.0,9.0,-5.0
1295.0,3270311888.0,-0.02698,-0.45288,-0.88293,-0.061,0.0,-0.2441,31.0,9.0,-5.0
1296.0,3270327879.0,-0.02673,-0.45337,-0.88318,-0.061,0.0,-0.2441,31.0,9.0,-5.0
1297.0,3270336672.0,-0.02734,-0.45203,-0.88403,-0.1221,0.0,-0.2441,30.0,7.0,-12.0
1298.0,3270348786.0,-0.02734,-0.45203,-0.88403,-0.1221,0.0,-0.3052,30.0,7.0,-12.0
1299.0,3270360809.0,-0.02795,-0.45178,-0.88477,-0.1221,0.0,-0.3662,30.0,7.0,-12.0
1300.0,3270374760.0,-0.02844,-0.45203,-0.8844,-0.061,0.061,-0.1831,30.0,7.0,-12.0
1301.0,3270390727.0,-0.02856,-0.45288,-0.88281,-0.1221,0.0,-0.1831,30.0,7.0,-12.0
1302.0,3270406644.0,-0.02869,-0.45325,-0.8822,-0.1221,-0.061,-0.2441,30.0,7.0,-12.0
1303.0,3270422664.0,-0.0282,-0.45239,-0.88379,-0.061,0.0,-0.2441,30.0,7.0,-12.0
1304.0,3270434783.0,-0.02844,-0.45203,-0.88379,-0.061,0.0,-0.2441,30.0,7.0,-12.0
1305.0,3270450675.0,-0.02795,-0.45264,-0.88513,-0.061,0.061,-0.3052,34.0,11.0,-10.0
1306.0,3270462800.0,-0.02759,-0.45178,-0.8855,-0.061,0.0,-0.2441,34.0,11.0,-10.0
1307.0,3270478762.0,-0.02747,-0.45129,-0.88464,-0.1831,-0.061,-0.2441,34.0,11.0,-10.0
1308.0,3270493894.0,-0.02832,-0.45154,-0.88403,-0.1831,-0.061,-0.2441,34.0,11.0,-10.0
1309.0,3270505800.0,-0.02905,-0.45166,-0.8833,-0.1831,-0.061,-0.2441,34.0,11.0,-10.0
1310.0,3270516873.0,-0.02905,-0.45215,-0.88416,-0.1221,0.0,-0.2441,34.0,11.0,-10.0
1311.0,3270529758.0,-0.02844,-0.45264,-0.88525,-0.1221,-0.061,-0.2441,34.0,11.0,-10.0
1312.0,3270541810.0,-0.02881,-0.45264,-0.88379,-0.1221,0.0,-0.2441,34.0,11.0,-10.0
1313.0,3270554579.0,-0.02832,-0.45251,-0.88416,-0.1221,0.0,-0.1831,32.0,7.0,-8.0
1314.0,3270570890.0,-0.02808,-0.453,-0.88367,-0.1221,0.0,-0.1831,32.0,7.0,-8.0
1315.0,3270582814.0,-0.0282,-0.45276,-0.88354,-0.1221,0.0,-0.1831,32.0,7.0,-8.0
1316.0,3270598876.0,-0.02771,-0.45251,-0.88428,-0.061,-0.061,-0.2441,32.0,7.0,-8.0
1317.0,3270614896.0,-0.02722,-0.45215,-0.88464,-0.061,-0.061,-0.2441,32.0,7.0,-8.0
1318.0,3270630886.0,-0.0282,-0.45239,-0.88184,-0.1221,0.0,-0.2441,32.0,7.0,-8.0
1319.0,3270647796.0,-0.0282,-0.45325,-0.88171,-0.1221,0.0,-0.2441,32.0,7.0,-8.0
1320.0,3270660706.0,-0.0282,-0.45386,-0.88257,-0.1221,0.0,-0.2441,32.0,7.0,-8.0
1321.0,3270677676.0,-0.02869,-0.45312,-0.88379,-0.1221,-0.061,-0.1831,32.0,11.0,-13.0
1322.0,3270690702.0,-0.02869,-0.45203,-0.88391,-0.061,-0.1221,-0.1831,32.0,11.0,-13.0
1323.0,3270703702.0,-0.0282,-0.45239,-0.8844,-0.061,0.061,-0.2441,32.0,11.0,-13.0
1324.0,3270716703.0,-0.0282,-0.453,-0.88428,-0.1221,0.061,-0.3052,32.0,11.0,-13.0
1325.0,3270732703.0,-0.02747,-0.45166,-0.88452,-0.1221,0.0,-0.2441,32.0,11.0,-13.0
1326.0,3270746642.0,-0.02783,-0.45178,-0.88403,-0.1831,0.0,-0.3662,32.0,11.0,-13.0
1327.0,3270762656.0,-0.02966,-0.45349,-0.88391,-0.1831,0.0,-0.3662,32.0,11.0,-13.0
1328.0,3270777889.0,-0.02979,-0.45276,-0.88354,-0.061,-0.061,-0.2441,32.0,11.0,-13.0
1329.0,3270791479.0,-0.02808,-0.45227,-0.8833,-0.061,0.0,-0.2441,31.0,9.0,-6.0
1330.0,3270804391.0,-0.02686,-0.4519,-0.88403,-0.061,0.0,-0.2441,31.0,9.0,-6.0
1331.0,3270817896.0,-0.02783,-0.45178,-0.88391,-0.061,0.0,-0.2441,31.0,9.0,-6.0
1332.0,3270829800.0,-0.02905,-0.45203,-0.88416,-0.1221,-0.061,-0.2441,31.0,9.0,-6.0
1333.0,3270840876.0,-0.0293,-0.453,-0.88367,-0.1831,-0.061,-0.3052,31.0,9.0,-6.0
1334.0,3270856728.0,-0.02905,-0.453,-0.88379,-0.1831,0.0,-0.3052,31.0,9.0,-6.0
1335.0,3270868804.0,-0.02856,-0.45312,-0.88354,-0.1831,0.0,-0.3052,31.0,9.0,-6.0
1336.0,3270882868.0,-0.02795,-0.45215,-0.88379,-0.1221,0.0,-0.1831,31.0,9.0,-6.0
1337.0,3270895580.0,-0.02808,-0.453,-0.88403,-0.1221,-0.061,-0.1831,31.0,10.0,-12.0
1338.0,3270907804.0,-0.0282,-0.45386,-0.88379,-0.1221,-0.1221,-0.1831,31.0,10.0,-12.0
1339.0,3270922760.0,-0.0271,-0.453,-0.88354,-0.1221,0.0,-0.2441,31.0,10.0,-12.0
1340.0,3270936704.0,-0.02747,-0.45251,-0.88245,-0.1221,-0.061,-0.2441,31.0,10.0,-12.0
1341.0,3270951731.0,-0.02844,-0.45264,-0.88245,-0.1221,-0.061,-0.1831,31.0,10.0,-12.0
1342.0,3270964726.0,-0.02869,-0.45264,-0.88391,-0.1831,0.0,-0.3052,31.0,10.0,-12.0
1343.0,3270980891.0,-0.02856,-0.45227,-0.8844,-0.1221,0.0,-0.3052,31.0,10.0,-12.0
1344.0,3270993720.0,-0.02759,-0.45227,-0.88416,-0.1221,-0.061,-0.1831,31.0,10.0,-12.0
1345.0,3271009565.0,-0.0282,-0.45325,-0.88379,-0.1221,-0.1221,-0.1831,30.0,7.0,-10.0
1346.0,3271024865.0,-0.02844,-0.453,-0.88379,-0.1221,-0.1221,-0.2441,30.0,7.0,-10.0
1347.0,3271039879.0,-0.02795,-0.45288,-0.88452,-0.1221,-0.1221,-0.2441,30.0,7.0,-10.0
1348.0,3271055870.0,-0.02893,-0.45288,-0.88452,-0.1221,-0.061,-0.2441,30.0,7.0,-10.0
1349.0,3271065861.0,-0.02881,-0.45264,-0.88489,-0.061,0.061,-0.3052,30.0,7.0,-10.0
1350.0,3271080896.0,-0.02869,-0.45178,-0.88379,-0.061,0.0,-0.3052,30.0,7.0,-10.0
1351.0,3271094756.0,-0.02759,-0.45264,-0.88306,-0.061,-0.061,-0.3052,30.0,7.0,-10.0
1352.0,3271110893.0,-0.02759,-0.45325,-0.88342,-0.061,0.0,-0.2441,30.0,7.0,-10.0
1353.0,3271127681.0,-0.02893,-0.45312,-0.88403,-0.061,0.0,-0.1831,31.0,9.0,-10.0
1354.0,3271139794.0,-0.02881,-0.45349,-0.88477,-0.061,0.0,-0.2441,31.0,9.0,-10.0
1355.0,3271152709.0,-0.02832,-0.453,-0.88525,0.0,-0.061,-0.3052,31.0,9.0,-10.0
1356.0,3271164791.0,-0.02795,-0.45264,-0.88403,0.0,0.0,-0.3052,31.0,9.0,-10.0
1357.0,3271179652.0,-0.0282,-0.45264,-0.88354,-0.1221,0.0,-0.3052,31.0,9.0,-10.0
1358.0,3271191796.0,-0.02869,-0.45251,-0.88318,-0.1221,-0.061,-0.1831,31.0,9.0,-10.0
1359.0,3271207706.0,-0.02698,-0.45239,-0.88416,-0.061,-0.061,-0.2441,31.0,9.0,-10.0
1360.0,3271219782.0,-0.026,-0.45239,-0.88428,-0.061,-0.061,-0.2441,31.0,9.0,-10.0
1361.0,3271235682.0,-0.0293,-0.45227,-0.88525,-0.061,0.0,-0.3052,31.0,10.0,-11.0
1362.0,3271251623.0,-0.02979,-0.45142,-0.88477,-0.061,0.0,-0.2441,31.0,10.0,-11.0
1363.0,3271265563.0,-0.02783,-0.45227,-0.88562,-0.1221,0.0,-0.3052,31.0,10.0,-11.0
1364.0,3271277610.0,-0.02832,-0.45264,-0.88489,-0.1831,0.0,-0.3052,31.0,10.0,-11.0
1365.0,3271289791.0,-0.02832,-0.45312,-0.88416,-0.1831,0.0,-0.3052,31.0,10.0,-11.0
1366.0,3271305754.0,-0.02832,-0.45239,-0.88428,-0.061,0.0,-0.3052,31.0,10.0,-11.0
1367.0,3271317805.0,-0.02893,-0.45239,-0.8844,0.0,0.0,-0.3052,31.0,10.0,-11.0
1368.0,3271333886.0,-0.02856,-0.45251,-0.88379,-0.061,-0.061,-0.3052,31.0,10.0,-11.0
1369.0,3271347475.0,-0.0282,-0.45227,-0.88403,-0.1831,-0.1221,-0.1831,31.0,7.0,-10.0
1370.0,3271360432.0,-0.02795,-0.4519,-0.88416,-0.1831,-0.1221,-0.1831,31.0,7.0,-10.0
1371.0,3271376424.0,-0.02759,-0.45239,-0.88354,-0.1221,0.0,-0.1831,31.0,7.0,-10.0
1372.0,3271391866.0,-0.02759,-0.45251,-0.88403,-0.061,-0.061,-0.2441,31.0,7.0,-10.0
1373.0,3271403801.0,-0.02771,-0.45251,-0.88477,-0.061,-0.061,-0.2441,31.0,7.0,-10.0
1374.0,3271418875.0,-0.02808,-0.45227,-0.88416,-0.1221,0.0,-0.2441,31.0,7.0,-10.0
1375.0,3271430779.0,-0.02844,-0.45239,-0.88428,-0.1221,0.0,-0.1831,31.0,7.0,-10.0
1376.0,3271446717.0,-0.02832,-0.4519,-0.88489,-0.1221,0.0,-0.2441,31.0,7.0,-10.0
1377.0,3271462675.0,-0.02856,-0.45203,-0.88489,-0.1221,0.0,-0.2441,32.0,9.0,-9.0
1378.0,3271478871.0,-0.02747,-0.45142,-0.88403,-0.1221,-0.061,-0.2441,32.0,9.0,-9.0
1379.0,3271489799.0,-0.02759,-0.45142,-0.88416,-0.1831,-0.061,-0.3662,32.0,9.0,-9.0
1380.0,3271505882.0,-0.02795,-0.45227,-0.88464,-0.1831,-0.061,-0.3052,32.0,9.0,-9.0
1381.0,3271520865.0,-0.02795,-0.45227,-0.88403,-0.061,0.0,-0.2441,32.0,9.0,-9.0
1382.0,3271535810.0,-0.02771,-0.45288,-0.88367,0.0,0.0,-0.3052,32.0,9.0,-9.0
1383.0,3271549628.0,-0.0282,-0.45264,-0.88391,-0.061,-0.061,-0.2441,32.0,9.0,-9.0
1384.0,3271563623.0,-0.02856,-0.45215,-0.88416,-0.061,0.061,-0.3052,32.0,9.0,-9.0
1385.0,3271576572.0,-0.02942,-0.45239,-0.88513,-0.061,0.061,-0.3052,31.0,9.0,-7.0
1386.0,3271593802.0,-0.02942,-0.45337,-0.88586,-0.061,-0.061,-0.1831,31.0,9.0,-7.0
1387.0,3271605796.0,-0.02844,-0.45312,-0.88391,-0.1221,-0.061,-0.1831,31.0,9.0,-7.0
1388.0,3271617790.0,-0.02783,-0.45251,-0.88391,-0.1221,-0.061,-0.2441,31.0,9.0,-7.0
1389.0,3271632721.0,-0.02783,-0.45251,-0.8844,-0.061,-0.061,-0.2441,31.0,9.0,-7.0
1390.0,3271644796.0,-0.02795,-0.45312,-0.88464,-0.061,-0.061,-0.2441,31.0,9.0,-7.0
1391.0,3271656789.0,-0.02734,-0.45239,-0.88416,-0.1221,0.0,-0.2441,31.0,9.0,-7.0
1392.0,3271668784.0,-0.02808,-0.45227,-0.8833,-0.1831,0.061,-0.2441,31.0,9.0,-7.0
1393.0,3271681552.0,-0.02783,-0.45239,-0.88306,-0.1831,0.061,-0.3052,31.0,11.0,-12.0
1394.0,3271694617.0,-0.02661,-0.45251,-0.8844,-0.061,0.0,-0.1831,31.0,11.0,-12.0
1395.0,3271707598.0,-0.02673,-0.45251,-0.88367,-0.061,0.0,-0.2441,31.0,11.0,-12.0
1396.0,3271720547.0,-0.02734,-0.45288,-0.88318,-0.061,0.0,-0.2441,31.0,11.0,-12.0
1397.0,3271732778.0,-0.02832,-0.453,-0.88342,-0.1221,-0.061,-0.2441,31.0,11.0,-12.0
1398.0,3271744803.0,-0.02917,-0.45288,-0.88403,-0.1221,0.0,-0.3052,31.0,11.0,-12.0
1399.0,3271758752.0,-0.02856,-0.45178,-0.88452,-0.061,-0.061,-0.1831,31.0,11.0,-12.0
1400.0,3271772705.0,-0.02795,-0.45154,-0.88342,-0.1221,-0.061,-0.1831,31.0,11.0,-12.0
1401.0,3271785555.0,-0.02783,-0.45068,-0.88306,-0.1221,-0.061,-0.1831,31.0,10.0,-9.0
1402.0,3271798549.0,-0.02917,-0.45312,-0.88489,-0.061,-0.061,-0.1831,31.0,10.0,-9.0
1403.0,3271812556.0,-0.02954,-0.45337,-0.88403,0.0,-0.061,-0.2441,31.0,10.0,-9.0
1404.0,3271828877.0,-0.0282,-0.45264,-0.88464,-0.061,-0.061,-0.2441,31.0,10.0,-9.0
1405.0,3271845697.0,-0.02856,-0.45288,-0.88416,-0.1221,0.0,-0.1831,31.0,10.0,-9.0
1406.0,3271861747.0,-0.02966,-0.45215,-0.88416,-0.061,0.0,-0.1831,31.0,10.0,-9.0
1407.0,3271876880.0,-0.02893,-0.45227,-0.88354,-0.061,0.0,-0.1831,31.0,10.0,-9.0
1408.0,3271890713.0,-0.02844,-0.45264,-0.88403,-0.1831,-0.061,-0.3052,31.0,10.0,-9.0
1409.0,3271900660.0,-0.0282,-0.45227,-0.88513,-0.1831,-0.061,-0.3052,33.0,9.0,-10.0
1410.0,3271916887.0,-0.02808,-0.45203,-0.88452,-0.1831,-0.061,-0.3052,33.0,9.0,-10.0
1411.0,3271932878.0,-0.02832,-0.45227,-0.88428,-0.061,-0.061,-0.2441,33.0,9.0,-10.0
1412.0,3271947745.0,-0.02734,-0.45142,-0.8844,0.0,-0.061,-0.2441,33.0,9.0,-10.0
1413.0,3271962696.0,-0.02795,-0.45093,-0.88452,-0.061,0.0,-0.2441,33.0,9.0,-10.0
1414.0,3271977861.0,-0.02795,-0.453,-0.88379,-0.1221,-0.061,-0.2441,33.0,9.0,-10.0
1415.0,3271989796.0,-0.0282,-0.45325,-0.88428,-0.061,-0.061,-0.2441,33.0,9.0,-10.0
1416.0,3272002887.0,-0.02869,-0.453,-0.88501,-0.1221,-0.061,-0.2441,33.0,9.0,-10.0
1417.0,3272008457.0,-0.02893,-0.45276,-0.88489,-0.1221,-0.061,-0.2441,32.0,9.0,-10.0
1418.0,3272025774.0,-0.02881,-0.45251,-0.88391,-0.1221,-0.061,-0.2441,32.0,9.0,-10.0
1419.0,3272040881.0,-0.0282,-0.45227,-0.88416,-0.1221,-0.061,-0.2441,32.0,9.0,-10.0
1420.0,3272052784.0,-0.0282,-0.45251,-0.88342,-0.1221,-0.061,-0.2441,32.0,9.0,-10.0
1421.0,3272067889.0,-0.0282,-0.45251,-0.8833,-0.061,0.0,-0.2441,32.0,9.0,-10.0
1422.0,3272083707.0,-0.02832,-0.45264,-0.88477,-0.1221,-0.061,-0.3052,32.0,9.0,-10.0
1423.0,3272100173.0,-0.02979,-0.453,-0.88428,-0.1221,-0.061,-0.2441,32.0,9.0,-10.0
1424.0,3272112780.0,-0.03027,-0.45276,-0.88367,-0.061,0.0,-0.2441,32.0,9.0,-10.0
1425.0,3272125548.0,-0.02893,-0.453,-0.88354,-0.061,0.0,-0.2441,31.0,11.0,-9.0
1426.0,3272138410.0,-0.02808,-0.45154,-0.88452,-0.061,0.0,-0.2441,31.0,11.0,-9.0
1427.0,3272152397.0,-0.02905,-0.45154,-0.88403,-0.061,0.0,-0.3052,31.0,11.0,-9.0
1428.0,3272168074.0,-0.02942,-0.45215,-0.88354,-0.1221,-0.061,-0.3052,31.0,11.0,-9.0
1429.0,3272182705.0,-0.0293,-0.45325,-0.8844,-0.1221,-0.061,-0.2441,31.0,11.0,-9.0
1430.0,3272198685.0,-0.02722,-0.45312,-0.88525,-0.061,0.0,-0.3052,31.0,11.0,-9.0
1431.0,3272214631.0,-0.0271,-0.453,-0.88538,-0.061,0.0,-0.3052,31.0,11.0,-9.0
1432.0,3272230882.0,-0.02856,-0.45288,-0.88428,-0.061,-0.061,-0.2441,31.0,11.0,-9.0
1433.0,3272244470.0,-0.02869,-0.45227,-0.88403,-0.061,-0.061,-0.2441,31.0,8.0,-9.0
1434.0,3272259434.0,-0.02722,-0.45227,-0.88293,-0.061,0.0,-0.2441,31.0,8.0,-9.0
1435.0,3272275159.0,-0.02759,-0.45264,-0.88269,-0.061,0.0,-0.3052,31.0,8.0,-9.0
1436.0,3272286881.0,-0.02759,-0.45288,-0.88379,-0.061,0.0,-0.3052,31.0,8.0,-9.0
1437.0,3272302870.0,-0.02759,-0.45215,-0.8833,-0.1221,-0.061,-0.3052,31.0,8.0,-9.0
1438.0,3272318772.0,-0.02795,-0.45227,-0.8833,-0.1221,-0.061,-0.3052,31.0,8.0,-9.0
1439.0,3272332869.0,-0.02783,-0.45312,-0.8833,-0.061,0.0,-0.2441,31.0,8.0,-9.0
1440.0,3272348860.0,-0.0282,-0.45251,-0.88306,-0.1221,0.0,-0.2441,31.0,8.0,-9.0
1441.0,3272370542.0,-0.0282,-0.45276,-0.88403,-0.1221,0.061,-0.2441,30.0,8.0,-8.0
1442.0,3272386886.0,-0.02905,-0.45312,-0.88464,-0.1221,0.0,-0.2441,30.0,8.0,-8.0
1443.0,3272399713.0,-0.02917,-0.45288,-0.88367,-0.1221,0.0,-0.2441,30.0,8.0,-8.0
1444.0,3272411789.0,-0.02832,-0.453,-0.88354,-0.1221,0.0,-0.3052,30.0,8.0,-8.0
1445.0,3272423794.0,-0.02771,-0.45264,-0.88367,-0.061,-0.061,-0.3052,30.0,8.0,-8.0
1446.0,3272438856.0,-0.02808,-0.45264,-0.88318,-0.061,-0.061,-0.2441,30.0,8.0,-8.0
1447.0,3272450789.0,-0.0282,-0.45264,-0.88293,-0.061,-0.061,-0.2441,30.0,8.0,-8.0
1448.0,3272463708.0,-0.02808,-0.45239,-0.88342,-0.061,0.0,-0.2441,30.0,8.0,-8.0
1449.0,3272476562.0,-0.0282,-0.45239,-0.88391,-0.1221,0.0,-0.3052,32.0,7.0,-6.0
1450.0,3272489460.0,-0.02808,-0.45215,-0.88354,-0.1221,0.0,-0.2441,32.0,7.0,-6.0
1451.0,3272504373.0,-0.0282,-0.45203,-0.88403,-0.1221,-0.061,-0.1831,32.0,7.0,-6.0
1452.0,3272520424.0,-0.02869,-0.45312,-0.88452,-0.1221,0.0,-0.1831,32.0,7.0,-6.0
1453.0,3272536879.0,-0.02795,-0.453,-0.8844,-0.061,-0.061,-0.3052,32.0,7.0,-6.0
1454.0,3272552696.0,-0.02771,-0.45239,-0.88342,-0.061,0.0,-0.2441,32.0,7.0,-6.0
1455.0,3272564774.0,-0.02795,-0.45239,-0.8844,-0.061,0.0,-0.2441,32.0,7.0,-6.0
1456.0,3272576796.0,-0.02771,-0.45227,-0.88464,-0.1221,0.0,-0.2441,32.0,7.0,-6.0
1457.0,3272589567.0,-0.02783,-0.45203,-0.88245,-0.1221,0.0,-0.2441,32.0,8.0,-12.0
1458.0,3272605551.0,-0.0282,-0.45178,-0.88281,-0.1221,-0.061,-0.2441,32.0,8.0,-12.0
1459.0,3272622172.0,-0.02856,-0.45251,-0.8844,-0.1221,0.0,-0.1831,32.0,8.0,-12.0
1460.0,3272634780.0,-0.02832,-0.45264,-0.88342,-0.1221,0.0,-0.1831,32.0,8.0,-12.0
1461.0,3272648703.0,-0.0282,-0.45251,-0.88257,-0.061,0.0,-0.3052,32.0,8.0,-12.0
1462.0,3272662624.0,-0.02844,-0.45264,-0.88293,-0.061,-0.061,-0.3052,32.0,8.0,-12.0
1463.0,3272678874.0,-0.0282,-0.45288,-0.88318,-0.061,-0.061,-0.2441,32.0,8.0,-12.0
1464.0,3272693744.0,-0.0282,-0.45239,-0.88367,-0.061,-0.061,-0.2441,32.0,8.0,-12.0
1465.0,3272710465.0,-0.02832,-0.45203,-0.88354,-0.061,-0.061,-0.2441,32.0,8.0,-6.0
1466.0,3272726879.0,-0.02771,-0.45227,-0.88354,0.0,-0.061,-0.2441,32.0,8.0,-6.0
1467.0,3272739812.0,-0.02856,-0.45264,-0.88293,0.0,0.0,-0.2441,32.0,8.0,-6.0
1468.0,3272754691.0,-0.02869,-0.45215,-0.88281,-0.061,0.0,-0.3052,32.0,8.0,-6.0
1469.0,3272770855.0,-0.02844,-0.4519,-0.88367,-0.1221,0.0,-0.3052,32.0,8.0,-6.0
1470.0,3272786876.0,-0.0282,-0.45215,-0.88428,-0.1221,0.061,-0.3052,32.0,8.0,-6.0
1471.0,3272802868.0,-0.02771,-0.45215,-0.88269,-0.1221,0.0,-0.3052,32.0,8.0,-6.0
1472.0,3272818859.0,-0.02844,-0.45203,-0.88403,-0.1221,0.0,-0.2441,32.0,8.0,-6.0
1473.0,3272834672.0,-0.02954,-0.45203,-0.88464,-0.061,-0.061,-0.2441,32.0,10.0,-12.0
1474.0,3272850780.0,-0.0282,-0.45178,-0.8844,-0.061,-0.061,-0.2441,32.0,10.0,-12.0
1475.0,3272865854.0,-0.02747,-0.45203,-0.88489,0.0,-0.061,-0.2441,32.0,10.0,-12.0
1476.0,3272881141.0,-0.02856,-0.45264,-0.88501,0.0,-0.061,-0.3052,32.0,10.0,-12.0
1477.0,3272892864.0,-0.02832,-0.45178,-0.88403,-0.061,-0.061,-0.2441,32.0,10.0,-12.0
1478.0,3272907705.0,-0.02808,-0.45166,-0.88379,-0.1221,0.0,-0.2441,32.0,10.0,-12.0
1479.0,3272919781.0,-0.02869,-0.45264,-0.88367,-0.061,-0.061,-0.2441,32.0,10.0,-12.0
1480.0,3272932700.0,-0.02905,-0.45264,-0.88379,-0.061,-0.061,-0.2441,32.0,10.0,-12.0
1481.0,3272947457.0,-0.02832,-0.45215,-0.88367,-0.061,0.0,-0.2441,30.0,10.0,-6.0
1482.0,3272961424.0,-0.02783,-0.45215,-0.88525,-0.061,0.0,-0.2441,30.0,10.0,-6.0
1483.0,3272976141.0,-0.0282,-0.45276,-0.88477,0.0,0.0,-0.3052,30.0,10.0,-6.0
1484.0,3272986856.0,-0.02832,-0.45239,-0.88379,-0.061,0.0,-0.2441,30.0,10.0,-6.0
1485.0,3272998791.0,-0.02808,-0.4519,-0.88367,-0.1221,0.0,-0.1831,30.0,10.0,-6.0
1486.0,3273012685.0,-0.02759,-0.4519,-0.88464,-0.061,0.0,-0.1831,30.0,10.0,-6.0
1487.0,3273028878.0,-0.02808,-0.45166,-0.88452,-0.1221,-0.061,-0.2441,30.0,10.0,-6.0
1488.0,3273044699.0,-0.02844,-0.45215,-0.88354,-0.1221,0.0,-0.1831,30.0,10.0,-6.0
1489.0,3273062555.0,-0.02808,-0.453,-0.88342,-0.1221,0.0,-0.1831,34.0,7.0,-8.0
1490.0,3273078866.0,-0.02783,-0.45276,-0.88416,-0.1221,0.0,-0.2441,34.0,7.0,-8.0
1491.0,3273094741.0,-0.02783,-0.45178,-0.88391,-0.1221,0.0,-0.3052,34.0,7.0,-8.0
1492.0,3273110878.0,-0.02808,-0.45215,-0.8844,-0.061,-0.061,-0.2441,34.0,7.0,-8.0
1493.0,3273124741.0,-0.02795,-0.45203,-0.88464,0.0,-0.061,-0.2441,34.0,7.0,-8.0
1494.0,3273140878.0,-0.02869,-0.45239,-0.88464,0.0,0.0,-0.2441,34.0,7.0,-8.0
1495.0,3273152100.0,-0.0282,-0.45251,-0.88513,0.0,0.0,-0.3052,34.0,7.0,-8.0
1496.0,3273165699.0,-0.02734,-0.45203,-0.88513,-0.061,-0.061,-0.2441,34.0,7.0,-8.0
1497.0,3273181541.0,-0.02698,-0.45154,-0.8844,-0.061,-0.061,-0.3052,31.0,10.0,-9.0
1498.0,3273196479.0,-0.02856,-0.45239,-0.8833,-0.061,-0.061,-0.3052,31.0,10.0,-9.0
1499.0,3273211859.0,-0.02783,-0.45288,-0.88342,-0.1221,0.0,-0.3052,31.0,10.0,-9.0
1500.0,3273227710.0,-0.02844,-0.45239,-0.88416,-0.061,0.0,-0.3052,31.0,10.0,-9.0
1501.0,3273243612.0,-0.02893,-0.4519,-0.88428,-0.1221,-0.061,-0.3052,31.0,10.0,-9.0
1502.0,3273258636.0,-0.02881,-0.45227,-0.88538,-0.061,-0.061,-0.2441,31.0,10.0,-9.0
1503.0,3273274694.0,-0.02783,-0.45178,-0.88428,-0.1221,-0.061,-0.3052,31.0,10.0,-9.0
1504.0,3273289602.0,-0.02808,-0.45044,-0.8833,-0.061,-0.061,-0.2441,31.0,10.0,-9.0
1505.0,3273305364.0,-0.0282,-0.45166,-0.88379,-0.061,-0.061,-0.2441,31.0,9.0,-15.0
1506.0,3273318380.0,-0.02881,-0.45264,-0.88464,-0.061,-0.061,-0.2441,31.0,9.0,-15.0
1507.0,3273332373.0,-0.02869,-0.45129,-0.88391,-0.061,-0.061,-0.2441,31.0,9.0,-15.0
1508.0,3273347877.0,-0.02869,-0.45154,-0.88403,-0.1221,-0.061,-0.2441,31.0,9.0,-15.0
1509.0,3273363867.0,-0.02856,-0.45361,-0.88489,-0.1221,-0.061,-0.2441,31.0,9.0,-15.0
1510.0,3273378852.0,-0.02917,-0.45349,-0.88477,-0.1221,-0.061,-0.2441,31.0,9.0,-15.0
1511.0,3273395147.0,-0.02808,-0.45178,-0.88318,-0.1221,-0.061,-0.2441,31.0,9.0,-15.0
1512.0,3273407453.0,-0.02686,-0.45178,-0.88318,-0.061,-0.061,-0.2441,31.0,9.0,-15.0
1513.0,3273422229.0,-0.02673,-0.45251,-0.88403,0.0,-0.061,-0.2441,33.0,8.0,-3.0
1514.0,3273434439.0,-0.02795,-0.4519,-0.88403,-0.061,-0.061,-0.2441,33.0,8.0,-3.0
1515.0,3273447385.0,-0.0282,-0.45215,-0.88464,-0.1221,-0.061,-0.2441,33.0,8.0,-3.0
1516.0,3273462383.0,-0.02869,-0.45349,-0.88525,-0.061,-0.061,-0.2441,33.0,8.0,-3.0
1517.0,3273475382.0,-0.02759,-0.45154,-0.88379,-0.1221,-0.061,-0.3052,33.0,8.0,-3.0
1518.0,3273491382.0,-0.02734,-0.45093,-0.88318,-0.1221,-0.061,-0.2441,33.0,8.0,-3.0
1519.0,3273504369.0,-0.02783,-0.45337,-0.88464,-0.061,0.0,-0.1831,33.0,8.0,-3.0
1520.0,3273520307.0,-0.02808,-0.45312,-0.88501,-0.1221,0.0,-0.1831,33.0,8.0,-3.0
1521.0,3273536646.0,-0.02783,-0.45154,-0.88232,-0.061,-0.061,-0.1831,29.0,10.0,-14.0
1522.0,3273551650.0,-0.02795,-0.45154,-0.8822,-0.061,-0.061,-0.1831,29.0,10.0,-14.0
1523.0,3273567690.0,-0.02905,-0.45251,-0.88477,-0.061,-0.061,-0.1831,29.0,10.0,-14.0
1524.0,3273583776.0,-0.02771,-0.45288,-0.88525,-0.061,0.0,-0.2441,29.0,10.0,-14.0
1525.0,3273596697.0,-0.02795,-0.45288,-0.88452,-0.061,0.0,-0.3052,29.0,10.0,-14.0
1526.0,3273612859.0,-0.02844,-0.45288,-0.88367,-0.1221,0.0,-0.2441,29.0,10.0,-14.0
1527.0,3273628851.0,-0.02856,-0.45276,-0.88342,-0.061,0.0,-0.2441,29.0,10.0,-14.0
1528.0,3273646740.0,-0.02783,-0.45166,-0.88403,-0.061,-0.061,-0.2441,29.0,10.0,-14.0
1529.0,3273660527.0,-0.02747,-0.4519,-0.88428,-0.1221,-0.061,-0.3052,30.0,10.0,-11.0
1530.0,3273675846.0,-0.02832,-0.45227,-0.88367,-0.061,0.0,-0.3052,30.0,10.0,-11.0
1531.0,3273685782.0,-0.02942,-0.45142,-0.88318,-0.061,0.0,-0.2441,30.0,10.0,-11.0
1532.0,3273699689.0,-0.0293,-0.45105,-0.88403,-0.1221,0.0,-0.2441,30.0,10.0,-11.0
1533.0,3273714618.0,-0.02734,-0.45276,-0.88489,-0.1221,0.0,-0.2441,30.0,10.0,-11.0
1534.0,3273728680.0,-0.02722,-0.45276,-0.88367,-0.1221,-0.061,-0.3052,30.0,10.0,-11.0
1535.0,3273741593.0,-0.02759,-0.45239,-0.88391,-0.1221,-0.061,-0.3052,30.0,10.0,-11.0
1536.0,3273754580.0,-0.02893,-0.45239,-0.88477,-0.1221,0.0,-0.2441,30.0,10.0,-11.0
1537.0,3273767536.0,-0.02808,-0.45288,-0.88379,-0.1221,0.0,-0.1831,32.0,10.0,-6.0
1538.0,3273779760.0,-0.02783,-0.45251,-0.88318,-0.061,-0.061,-0.1831,32.0,10.0,-6.0
1539.0,3273790845.0,-0.02844,-0.45178,-0.88416,-0.1221,-0.061,-0.3052,32.0,10.0,-6.0
1540.0,3273802771.0,-0.02844,-0.45178,-0.88416,-0.1831,-0.061,-0.3052,32.0,10.0,-6.0
1541.0,3273817703.0,-0.02808,-0.45105,-0.88428,-0.1221,-0.1221,-0.3052,32.0,10.0,-6.0
1542.0,3273832595.0,-0.02722,-0.45166,-0.8844,-0.061,-0.1221,-0.2441,32.0,10.0,-6.0
1543.0,3273845583.0,-0.02771,-0.45239,-0.88293,-0.061,-0.1221,-0.2441,32.0,10.0,-6.0
1544.0,3273857762.0,-0.02832,-0.453,-0.88293,-0.1221,-0.061,-0.2441,32.0,10.0,-6.0
1545.0,3273871522.0,-0.02856,-0.45251,-0.88367,-0.1831,-0.061,-0.2441,31.0,6.0,-13.0
1546.0,3273887850.0,-0.02747,-0.45203,-0.88416,-0.1831,0.0,-0.2441,31.0,6.0,-13.0
1547.0,3273901768.0,-0.02722,-0.45227,-0.88379,-0.1831,0.0,-0.2441,31.0,6.0,-13.0
1548.0,3273914684.0,-0.0282,-0.45264,-0.88354,-0.1221,0.0,-0.3052,31.0,6.0,-13.0
1549.0,3273930645.0,-0.02832,-0.45264,-0.88367,-0.1221,-0.061,-0.2441,31.0,6.0,-13.0
1550.0,3273945774.0,-0.0282,-0.45239,-0.88489,-0.1221,-0.061,-0.1831,31.0,6.0,-13.0
1551.0,3273958692.0,-0.02832,-0.45264,-0.88464,-0.1221,-0.061,-0.3052,31.0,6.0,-13.0
1552.0,3273974683.0,-0.02905,-0.45203,-0.88318,-0.1221,-0.061,-0.3052,31.0,6.0,-13.0
1553.0,3273991630.0,-0.0293,-0.4519,-0.88342,-0.1221,0.0,-0.2441,30.0,11.0,-10.0
1554.0,3274003756.0,-0.02783,-0.45166,-0.88464,-0.061,0.0,-0.2441,30.0,11.0,-10.0
1555.0,3274018691.0,-0.02808,-0.4519,-0.88525,-0.061,-0.061,-0.2441,30.0,11.0,-10.0
1556.0,3274034685.0,-0.02881,-0.4519,-0.88489,-0.061,-0.1221,-0.2441,30.0,11.0,-10.0
1557.0,3274049869.0,-0.02905,-0.45325,-0.88428,-0.1221,-0.1221,-0.2441,30.0,11.0,-10.0
1558.0,3274064850.0,-0.02771,-0.45117,-0.88452,-0.1221,0.0,-0.2441,30.0,11.0,-10.0
1559.0,3274078686.0,-0.02747,-0.45105,-0.88367,-0.1221,-0.061,-0.2441,30.0,11.0,-10.0
1560.0,3274093843.0,-0.02661,-0.45166,-0.88367,-0.061,-0.061,-0.1831,30.0,11.0,-10.0
1561.0,3274105643.0,-0.02722,-0.45178,-0.8844,0.0,-0.061,-0.1831,32.0,8.0,-8.0
1562.0,3274118594.0,-0.02856,-0.45166,-0.88452,-0.061,-0.061,-0.3052,32.0,8.0,-8.0
1563.0,3274132844.0,-0.02881,-0.45203,-0.88318,-0.1221,0.0,-0.3052,32.0,8.0,-8.0
1564.0,3274148693.0,-0.02832,-0.45251,-0.88306,-0.1221,-0.061,-0.2441,32.0,8.0,-8.0
1565.0,3274164857.0,-0.02808,-0.4519,-0.88391,-0.1221,-0.061,-0.2441,32.0,8.0,-8.0
1566.0,3274180759.0,-0.02808,-0.45178,-0.88367,-0.1221,-0.061,-0.3052,32.0,8.0,-8.0
1567.0,3274196698.0,-0.02881,-0.45215,-0.8844,-0.1221,0.0,-0.3052,32.0,8.0,-8.0
1568.0,3274213777.0,-0.02844,-0.4519,-0.88501,-0.061,0.0,-0.3052,32.0,8.0,-8.0
1569.0,3274229441.0,-0.02771,-0.45264,-0.88525,-0.061,0.0,-0.2441,32.0,10.0,-8.0
1570.0,3274243378.0,-0.02795,-0.45288,-0.88538,-0.1221,0.0,-0.2441,32.0,10.0,-8.0
1571.0,3274256285.0,-0.0282,-0.45227,-0.88477,-0.1221,0.0,-0.3052,32.0,10.0,-8.0
1572.0,3274271851.0,-0.02893,-0.45227,-0.88428,-0.061,-0.061,-0.2441,32.0,10.0,-8.0
1573.0,3274283784.0,-0.02942,-0.45276,-0.88416,-0.061,-0.1221,-0.2441,32.0,10.0,-8.0
1574.0,3274297734.0,-0.02808,-0.45325,-0.88379,-0.061,-0.061,-0.3052,32.0,10.0,-8.0
1575.0,3274313702.0,-0.02722,-0.45251,-0.88269,-0.061,0.0,-0.3052,32.0,10.0,-8.0
1576.0,3274327593.0,-0.02686,-0.45288,-0.88342,-0.1221,-0.061,-0.2441,32.0,10.0,-8.0
1577.0,3274344629.0,-0.02673,-0.45349,-0.88403,-0.1831,-0.061,-0.1831,34.0,7.0,-12.0
1578.0,3274358579.0,-0.02844,-0.45166,-0.88379,-0.061,0.0,-0.1831,34.0,7.0,-12.0
1579.0,3274374757.0,-0.02844,-0.45166,-0.88391,-0.061,0.0,-0.2441,34.0,7.0,-12.0
1580.0,3274390867.0,-0.02747,-0.45264,-0.8855,-0.061,-0.061,-0.2441,34.0,7.0,-12.0
1581.0,3274406769.0,-0.0282,-0.45215,-0.88477,-0.1221,-0.1221,-0.2441,34.0,7.0,-12.0
1582.0,3274426731.0,-0.02771,-0.45251,-0.88281,-0.1221,-0.061,-0.2441,34.0,7.0,-12.0
1583.0,3274441688.0,-0.0282,-0.45288,-0.88245,-0.1221,0.061,-0.1831,34.0,7.0,-12.0
1584.0,3274456846.0,-0.02832,-0.45276,-0.88379,-0.061,0.061,-0.2441,34.0,7.0,-12.0
1585.0,3274472642.0,-0.02722,-0.45251,-0.88464,-0.061,0.0,-0.2441,32.0,8.0,-12.0
1586.0,3274485596.0,-0.02649,-0.45215,-0.88489,-0.061,-0.061,-0.3052,32.0,8.0,-12.0
1587.0,3274500854.0,-0.02844,-0.45312,-0.88452,-0.061,-0.061,-0.3052,32.0,8.0,-12.0
1588.0,3274515868.0,-0.02869,-0.45251,-0.88489,-0.061,0.0,-0.2441,32.0,8.0,-12.0
1589.0,3274528694.0,-0.02808,-0.45178,-0.88477,-0.061,0.0,-0.2441,32.0,8.0,-12.0
1590.0,3274542640.0,-0.02747,-0.4519,-0.88379,-0.061,0.0,-0.2441,32.0,8.0,-12.0
1591.0,3274557598.0,-0.02759,-0.45251,-0.88245,-0.1221,0.0,-0.2441,32.0,8.0,-12.0
1592.0,3274572543.0,-0.02844,-0.45227,-0.88306,-0.1221,0.0,-0.2441,32.0,8.0,-12.0
1593.0,3274588640.0,-0.0282,-0.45178,-0.88501,-0.061,0.0,-0.3052,32.0,9.0,-10.0
1594.0,3274600767.0,-0.02844,-0.45178,-0.88501,-0.1221,0.0,-0.3052,32.0,9.0,-10.0
1595.0,3274616759.0,-0.02832,-0.4519,-0.88452,-0.1221,0.0,-0.2441,32.0,9.0,-10.0
1596.0,3274627777.0,-0.02759,-0.45239,-0.8844,-0.061,0.0,-0.2441,32.0,9.0,-10.0
1597.0,3274639771.0,-0.02771,-0.45276,-0.88403,0.0,0.0,-0.2441,32.0,9.0,-10.0
1598.0,3274654687.0,-0.02759,-0.45154,-0.88367,-0.061,0.0,-0.1831,32.0,9.0,-10.0
1599.0,3274666776.0,-0.0271,-0.45081,-0.88379,-0.061,0.0,-0.1831,32.0,9.0,-10.0
1600.0,3274679867.0,-0.02844,-0.45239,-0.88391,-0.1221,0.0,-0.2441,32.0,9.0,-10.0
1601.0,3274693451.0,-0.0293,-0.45264,-0.88464,-0.1221,-0.061,-0.3052,32.0,7.0,-6.0
1602.0,3274709776.0,-0.02893,-0.45288,-0.88416,-0.1221,-0.061,-0.3052,32.0,7.0,-6.0
1603.0,3274724733.0,-0.02832,-0.45349,-0.88342,-0.1221,0.0,-0.1831,32.0,7.0,-6.0
1604.0,3274740841.0,-0.0271,-0.45215,-0.88379,-0.061,0.0,-0.1831,32.0,7.0,-6.0
1605.0,3274754693.0,-0.02747,-0.45178,-0.88391,-0.1221,-0.061,-0.2441,32.0,7.0,-6.0
1606.0,3274769691.0,-0.02771,-0.45227,-0.88538,-0.1831,-0.061,-0.1831,32.0,7.0,-6.0
1607.0,3274785854.0,-0.02783,-0.45251,-0.88562,-0.061,0.0,-0.2441,32.0,7.0,-6.0
1608.0,3274800697.0,-0.02783,-0.45215,-0.88403,-0.061,0.0,-0.2441,32.0,7.0,-6.0
1609.0,3274816634.0,-0.02808,-0.45203,-0.88306,-0.1221,0.0,-0.2441,32.0,11.0,-10.0
1610.0,3274832574.0,-0.02808,-0.45227,-0.8844,-0.061,-0.1221,-0.2441,32.0,11.0,-10.0
1611.0,3274848638.0,-0.02795,-0.45239,-0.88428,-0.061,-0.061,-0.2441,32.0,11.0,-10.0
1612.0,3274863692.0,-0.02832,-0.45312,-0.88452,0.0,-0.061,-0.2441,32.0,11.0,-10.0
1613.0,3274879663.0,-0.02795,-0.45251,-0.88586,0.0,-0.061,-0.1831,32.0,11.0,-10.0
1614.0,3274895692.0,-0.0282,-0.45227,-0.88611,-0.1221,0.061,-0.1831,32.0,11.0,-10.0
1615.0,3274910853.0,-0.02856,-0.45227,-0.88464,-0.1221,0.0,-0.1831,32.0,11.0,-10.0
1616.0,3274925866.0,-0.02869,-0.45264,-0.88489,-0.061,-0.061,-0.1221,32.0,11.0,-10.0
1617.0,3274943819.0,-0.02783,-0.45276,-0.88489,-0.061,-0.061,-0.1831,31.0,8.0,-9.0
1618.0,3274958856.0,-0.02747,-0.45227,-0.88416,-0.1221,0.0,-0.2441,31.0,8.0,-9.0
1619.0,3274973842.0,-0.0282,-0.453,-0.88367,-0.1221,-0.061,-0.2441,31.0,8.0,-9.0
1620.0,3274985775.0,-0.02844,-0.45325,-0.88342,-0.061,-0.061,-0.1831,31.0,8.0,-9.0
1621.0,3274998697.0,-0.0282,-0.45312,-0.88403,-0.061,-0.061,-0.2441,31.0,8.0,-9.0
1622.0,3275010771.0,-0.02856,-0.45251,-0.88428,-0.061,0.0,-0.2441,31.0,8.0,-9.0
1623.0,3275022763.0,-0.0282,-0.45276,-0.88428,-0.061,0.0,-0.1831,31.0,8.0,-9.0
1624.0,3275034755.0,-0.0271,-0.45398,-0.88367,-0.061,0.0,-0.1831,31.0,8.0,-9.0
1625.0,3275043624.0,-0.02661,-0.45337,-0.88318,-0.1221,-0.061,-0.2441,32.0,9.0,-11.0
1626.0,3275058861.0,-0.02734,-0.45178,-0.88464,-0.1221,-0.061,-0.2441,32.0,9.0,-11.0
1627.0,3275073760.0,-0.02771,-0.45227,-0.88538,-0.1221,-0.061,-0.2441,32.0,9.0,-11.0
1628.0,3275085750.0,-0.0282,-0.45203,-0.88525,-0.1221,-0.061,-0.2441,32.0,9.0,-11.0
1629.0,3275097773.0,-0.02844,-0.45227,-0.8844,-0.1221,0.0,-0.2441,32.0,9.0,-11.0
1630.0,3275111723.0,-0.02881,-0.45361,-0.88281,-0.1221,0.0,-0.2441,32.0,9.0,-11.0
1631.0,3275126697.0,-0.0282,-0.453,-0.88257,-0.061,0.0,-0.2441,32.0,9.0,-11.0
1632.0,3275141868.0,-0.02771,-0.45227,-0.88342,-0.061,0.0,-0.2441,32.0,9.0,-11.0
1633.0,3275157634.0,-0.02747,-0.45215,-0.88342,-0.061,-0.061,-0.2441,31.0,11.0,-13.0
1634.0,3275170601.0,-0.02881,-0.45178,-0.88525,-0.061,-0.061,-0.2441,31.0,11.0,-13.0
1635.0,3275186853.0,-0.02856,-0.45166,-0.88501,-0.1221,0.0,-0.3052,31.0,11.0,-13.0
1636.0,3275203694.0,-0.02905,-0.45227,-0.8833,-0.1221,0.0,-0.3052,31.0,11.0,-13.0
1637.0,3275219726.0,-0.02832,-0.45239,-0.88342,-0.061,-0.061,-0.3052,31.0,11.0,-13.0
1638.0,3275235774.0,-0.0282,-0.45251,-0.88391,-0.1221,-0.061,-0.3052,31.0,11.0,-13.0
1639.0,3275251764.0,-0.02795,-0.45178,-0.88464,-0.1221,0.061,-0.2441,31.0,11.0,-13.0
1640.0,3275264697.0,-0.0282,-0.45239,-0.88525,-0.061,-0.061,-0.2441,31.0,11.0,-13.0
1641.0,3275278454.0,-0.02905,-0.45276,-0.88562,-0.061,-0.061,-0.2441,34.0,9.0,-8.0
1642.0,3275294854.0,-0.02783,-0.45227,-0.88367,-0.061,-0.061,-0.1831,34.0,9.0,-8.0
1643.0,3275309836.0,-0.02844,-0.45264,-0.88342,-0.1221,-0.061,-0.1831,34.0,9.0,-8.0
1644.0,3275325860.0,-0.02869,-0.45312,-0.88367,-0.1221,-0.061,-0.2441,34.0,9.0,-8.0
1645.0,3275338698.0,-0.02795,-0.453,-0.8833,-0.1221,-0.061,-0.2441,34.0,9.0,-8.0
1646.0,3275354696.0,-0.02808,-0.45251,-0.88306,-0.1221,-0.1221,-0.2441,34.0,9.0,-8.0
1647.0,3275370713.0,-0.0293,-0.45178,-0.88538,-0.1221,-0.061,-0.2441,34.0,9.0,-8.0
1648.0,3275385857.0,-0.02832,-0.45129,-0.88489,-0.1831,-0.061,-0.2441,34.0,9.0,-8.0
1649.0,3275398536.0,-0.02795,-0.45178,-0.88452,-0.1831,0.0,-0.1831,29.0,8.0,-10.0
1650.0,3275413500.0,-0.02881,-0.45288,-0.88477,-0.1831,0.0,-0.2441,29.0,8.0,-10.0
1651.0,3275427380.0,-0.02869,-0.453,-0.88464,-0.1221,-0.061,-0.3052,29.0,8.0,-10.0
1652.0,3275441368.0,-0.02783,-0.45215,-0.8844,-0.061,-0.061,-0.2441,29.0,8.0,-10.0
1653.0,3275458763.0,-0.02795,-0.45215,-0.88354,-0.1221,0.0,-0.3052,29.0,8.0,-10.0
1654.0,3275472771.0,-0.02783,-0.45227,-0.88452,-0.061,0.0,-0.2441,29.0,8.0,-10.0
1655.0,3275487667.0,-0.02771,-0.45264,-0.8844,-0.061,-0.061,-0.1831,29.0,8.0,-10.0
1656.0,3275502859.0,-0.02808,-0.45203,-0.88403,-0.1221,-0.061,-0.1831,29.0,8.0,-10.0
1657.0,3275515540.0,-0.02771,-0.45203,-0.88379,-0.1221,0.0,-0.2441,33.0,10.0,-6.0
1658.0,3275532768.0,-0.02832,-0.45227,-0.88293,-0.1221,0.0,-0.2441,33.0,10.0,-6.0
1659.0,3275547755.0,-0.0282,-0.45203,-0.88281,-0.061,-0.061,-0.2441,33.0,10.0,-6.0
1660.0,3275560665.0,-0.02759,-0.45227,-0.88354,-0.061,-0.061,-0.2441,33.0,10.0,-6.0
1661.0,3275576699.0,-0.0282,-0.45264,-0.88367,-0.061,0.0,-0.2441,33.0,10.0,-6.0
1662.0,3275591586.0,-0.0282,-0.45264,-0.88342,-0.1221,0.0,-0.2441,33.0,10.0,-6.0
1663.0,3275607840.0,-0.02759,-0.45312,-0.88416,-0.1221,0.0,-0.2441,33.0,10.0,-6.0
1664.0,3275623702.0,-0.02856,-0.45337,-0.88306,-0.1221,-0.061,-0.2441,33.0,10.0,-6.0
1665.0,3275639434.0,-0.02893,-0.45325,-0.88281,-0.1221,-0.061,-0.2441,34.0,11.0,-4.0
1666.0,3275650837.0,-0.02856,-0.45264,-0.88354,-0.1221,-0.061,-0.2441,34.0,11.0,-4.0
1667.0,3275663722.0,-0.02881,-0.45276,-0.88403,-0.1221,-0.061,-0.1831,34.0,11.0,-4.0
1668.0,3275679860.0,-0.02856,-0.45264,-0.88416,-0.061,0.0,-0.1831,34.0,11.0,-4.0
1669.0,3275695851.0,-0.02722,-0.4519,-0.88477,-0.061,0.0,-0.1831,34.0,11.0,-4.0
1670.0,3275709827.0,-0.02783,-0.45178,-0.88525,-0.1221,0.0,-0.3052,34.0,11.0,-4.0
1671.0,3275724671.0,-0.0282,-0.45178,-0.88452,-0.1221,-0.061,-0.1831,34.0,11.0,-4.0
1672.0,3275736745.0,-0.02856,-0.45154,-0.88354,-0.1221,-0.061,-0.1831,34.0,11.0,-4.0
1673.0,3275752452.0,-0.0282,-0.45154,-0.8833,-0.1831,-0.061,-0.1831,32.0,8.0,-9.0
1674.0,3275766745.0,-0.02844,-0.45215,-0.88391,-0.1221,-0.061,-0.2441,32.0,8.0,-9.0
1675.0,3275779719.0,-0.02783,-0.45276,-0.88342,-0.061,0.0,-0.3052,32.0,8.0,-9.0
1676.0,3275791768.0,-0.02686,-0.45251,-0.88342,-0.1221,0.0,-0.2441,32.0,8.0,-9.0
1677.0,3275806754.0,-0.02722,-0.45178,-0.88489,-0.061,0.0,-0.2441,32.0,8.0,-9.0
1678.0,3275818746.0,-0.02771,-0.45105,-0.88525,-0.061,0.0,-0.2441,32.0,8.0,-9.0
1679.0,3275830768.0,-0.02795,-0.45117,-0.88416,-0.1221,0.0,-0.2441,32.0,8.0,-9.0
1680.0,3275842764.0,-0.02917,-0.45276,-0.88293,-0.061,0.0,-0.2441,32.0,8.0,-9.0
1681.0,3275855533.0,-0.02844,-0.45264,-0.88428,-0.061,-0.061,-0.1831,32.0,10.0,-5.0
1682.0,3275866838.0,-0.02722,-0.45227,-0.88489,-0.061,-0.061,-0.1831,32.0,10.0,-5.0
1683.0,3275882770.0,-0.02734,-0.45117,-0.88208,-0.1221,-0.061,-0.1831,32.0,10.0,-5.0
1684.0,3275895706.0,-0.02722,-0.45129,-0.88281,-0.061,-0.061,-0.3052,32.0,10.0,-5.0
1685.0,3275909711.0,-0.02759,-0.45203,-0.88452,-0.061,-0.061,-0.2441,32.0,10.0,-5.0
1686.0,3275924699.0,-0.02832,-0.45203,-0.88367,-0.1221,-0.061,-0.2441,32.0,10.0,-5.0
1687.0,3275938696.0,-0.02905,-0.45215,-0.88342,-0.1221,-0.061,-0.2441,32.0,10.0,-5.0
1688.0,3275954698.0,-0.02783,-0.45227,-0.8844,-0.061,-0.061,-0.2441,32.0,10.0,-5.0
1689.0,3275969617.0,-0.02771,-0.45264,-0.88391,-0.061,-0.061,-0.1831,31.0,9.0,-6.0
1690.0,3275981705.0,-0.02869,-0.45251,-0.88318,-0.061,0.0,-0.2441,31.0,9.0,-6.0
1691.0,3275997590.0,-0.0282,-0.45325,-0.88269,-0.1221,0.0,-0.3052,31.0,9.0,-6.0
1692.0,3276011530.0,-0.02771,-0.45288,-0.88354,-0.1221,0.0,-0.3052,31.0,9.0,-6.0
1693.0,3276026411.0,-0.02832,-0.45166,-0.88269,-0.061,-0.061,-0.3052,31.0,9.0,-6.0
1694.0,3276040407.0,-0.02893,-0.45154,-0.88391,0.0,-0.061,-0.2441,31.0,9.0,-6.0
1695.0,3276056135.0,-0.02832,-0.45276,-0.88489,0.0,0.0,-0.2441,31.0,9.0,-6.0
1696.0,3276067702.0,-0.02808,-0.45276,-0.88416,-0.061,-0.061,-0.1831,31.0,9.0,-6.0
1697.0,3276081535.0,-0.02808,-0.4519,-0.8844,-0.061,-0.1221,-0.1831,31.0,8.0,-14.0
1698.0,3276094617.0,-0.02869,-0.45166,-0.88501,-0.061,-0.061,-0.1831,31.0,8.0,-14.0
1699.0,3276109588.0,-0.02917,-0.45264,-0.88513,-0.1221,0.0,-0.3052,31.0,8.0,-14.0
1700.0,3276125511.0,-0.02881,-0.45264,-0.88403,-0.1221,0.0,-0.3052,31.0,8.0,-14.0
1701.0,3276137742.0,-0.02893,-0.45203,-0.88379,-0.1221,0.0,-0.3052,31.0,8.0,-14.0
1702.0,3276149767.0,-0.02869,-0.45166,-0.88416,-0.1221,-0.061,-0.2441,31.0,8.0,-14.0
1703.0,3276164750.0,-0.02844,-0.45227,-0.8833,-0.1221,-0.061,-0.2441,31.0,8.0,-14.0
1704.0,3276180717.0,-0.02771,-0.45276,-0.88342,-0.061,-0.061,-0.2441,31.0,8.0,-14.0
1705.0,3276192534.0,-0.02795,-0.45325,-0.88342,-0.061,0.0,-0.2441,32.0,11.0,-8.0
1706.0,3276207442.0,-0.02808,-0.45251,-0.88318,-0.061,-0.061,-0.2441,32.0,11.0,-8.0
1707.0,3276221848.0,-0.02783,-0.45178,-0.88379,-0.061,-0.061,-0.2441,32.0,11.0,-8.0
1708.0,3276235700.0,-0.02808,-0.45227,-0.88416,-0.061,0.0,-0.2441,32.0,11.0,-8.0
1709.0,3276251586.0,-0.02808,-0.45349,-0.88501,-0.1221,-0.1221,-0.3052,32.0,11.0,-8.0
1710.0,3276266617.0,-0.02771,-0.453,-0.88501,-0.061,-0.1831,-0.3052,32.0,11.0,-8.0
1711.0,3276282591.0,-0.02783,-0.45239,-0.88501,-0.061,-0.1221,-0.2441,32.0,11.0,-8.0
1712.0,3276291299.0,-0.02808,-0.45264,-0.88489,-0.061,-0.061,-0.2441,32.0,11.0,-8.0
1713.0,3276307901.0,-0.02881,-0.45251,-0.88501,-0.061,-0.061,-0.2441,32.0,6.0,-8.0
1714.0,3276322831.0,-0.02881,-0.45215,-0.88354,-0.061,-0.061,-0.3052,32.0,6.0,-8.0
1715.0,3276335713.0,-0.02844,-0.45203,-0.88342,-0.061,-0.061,-0.2441,32.0,6.0,-8.0
1716.0,3276349652.0,-0.02795,-0.45203,-0.88428,-0.061,-0.061,-0.1831,32.0,6.0,-8.0
1717.0,3276365768.0,-0.02869,-0.45239,-0.88354,-0.061,0.0,-0.2441,32.0,6.0,-8.0
1718.0,3276377761.0,-0.02905,-0.45239,-0.88306,-0.061,0.061,-0.2441,32.0,6.0,-8.0
1719.0,3276392666.0,-0.02881,-0.45203,-0.8833,-0.1221,0.061,-0.2441,32.0,6.0,-8.0
1720.0,3276407821.0,-0.02881,-0.45203,-0.88293,-0.1221,0.061,-0.3052,32.0,6.0,-8.0
1721.0,3276424624.0,-0.02844,-0.45166,-0.88245,-0.1221,0.0,-0.3052,31.0,9.0,-11.0
1722.0,3276439613.0,-0.02795,-0.45215,-0.88306,-0.061,0.0,-0.3052,31.0,9.0,-11.0
1723.0,3276454519.0,-0.02771,-0.45288,-0.88452,0.0,-0.061,-0.2441,31.0,9.0,-11.0
1724.0,3276470511.0,-0.02734,-0.45325,-0.88428,-0.061,0.0,-0.1831,31.0,9.0,-11.0
1725.0,3276486829.0,-0.02747,-0.45239,-0.88281,-0.1221,0.0,-0.2441,31.0,9.0,-11.0
1726.0,3276496764.0,-0.02698,-0.45203,-0.88354,-0.1221,-0.061,-0.2441,31.0,9.0,-11.0
1727.0,3276512714.0,-0.02747,-0.4519,-0.88403,-0.061,0.0,-0.2441,31.0,9.0,-11.0
1728.0,3276526579.0,-0.02771,-0.45129,-0.88403,-0.061,0.0,-0.3052,31.0,9.0,-11.0
1729.0,3276543314.0,-0.02771,-0.45215,-0.88452,-0.1221,0.0,-0.3052,31.0,11.0,-8.0
1730.0,3276557287.0,-0.02783,-0.45276,-0.8855,-0.1221,0.0,-0.3052,31.0,11.0,-8.0
1731.0,3276571294.0,-0.0282,-0.45227,-0.88452,-0.061,0.0,-0.2441,31.0,11.0,-8.0
1732.0,3276587046.0,-0.0282,-0.453,-0.88501,-0.1221,0.061,-0.2441,31.0,11.0,-8.0
1733.0,3276598740.0,-0.02881,-0.45276,-0.88513,-0.1221,0.061,-0.3052,31.0,11.0,-8.0
1734.0,3276612748.0,-0.02832,-0.45227,-0.88452,-0.061,0.0,-0.2441,31.0,11.0,-8.0
1735.0,3276624740.0,-0.02759,-0.4519,-0.88391,-0.061,0.0,-0.2441,31.0,11.0,-8.0
1736.0,3276638651.0,-0.02832,-0.45203,-0.88416,-0.061,-0.061,-0.2441,31.0,11.0,-8.0
1737.0,3276654482.0,-0.02881,-0.45264,-0.88416,-0.1221,-0.061,-0.2441,31.0,9.0,-8.0
1738.0,3276668392.0,-0.02759,-0.45239,-0.88379,-0.1221,0.0,-0.2441,31.0,9.0,-8.0
1739.0,3276684121.0,-0.02771,-0.45264,-0.88403,-0.1221,-0.061,-0.1831,31.0,9.0,-8.0
1740.0,3276694835.0,-0.02869,-0.45239,-0.88416,-0.1221,-0.061,-0.1831,31.0,9.0,-8.0
1741.0,3276708756.0,-0.0282,-0.45239,-0.88428,-0.1221,0.0,-0.2441,31.0,9.0,-8.0
1742.0,3276723826.0,-0.02747,-0.45264,-0.88403,-0.1221,0.0,-0.3052,31.0,9.0,-8.0
1743.0,3276738841.0,-0.02673,-0.45203,-0.88452,-0.061,-0.061,-0.3052,31.0,9.0,-8.0
1744.0,3276751671.0,-0.02686,-0.45166,-0.8844,-0.061,-0.061,-0.2441,31.0,9.0,-8.0
1745.0,3276766391.0,-0.02747,-0.45154,-0.88367,-0.061,0.0,-0.3052,32.0,9.0,-10.0
1746.0,3276782143.0,-0.02893,-0.4519,-0.88379,-0.1831,0.061,-0.2441,32.0,9.0,-10.0
1747.0,3276794514.0,-0.0293,-0.45239,-0.88464,-0.1221,0.0,-0.1831,32.0,9.0,-10.0
1748.0,3276807755.0,-0.02759,-0.45264,-0.8844,-0.061,-0.061,-0.1221,32.0,9.0,-10.0
1749.0,3276820670.0,-0.02759,-0.45276,-0.88464,-0.061,-0.061,-0.2441,32.0,9.0,-10.0
1750.0,3276833580.0,-0.02856,-0.45264,-0.88513,-0.061,-0.061,-0.2441,32.0,9.0,-10.0
1751.0,3276850137.0,-0.02856,-0.45276,-0.88354,-0.061,0.0,-0.2441,32.0,9.0,-10.0
1752.0,3276861827.0,-0.02783,-0.45312,-0.88257,-0.1221,0.0,-0.2441,32.0,9.0,-10.0
1753.0,3276876616.0,-0.02734,-0.45203,-0.88391,-0.1221,0.0,-0.2441,30.0,9.0,-13.0
1754.0,3276893134.0,-0.02759,-0.45239,-0.88489,-0.1221,-0.061,-0.2441,30.0,9.0,-13.0
1755.0,3276905484.0,-0.02808,-0.45312,-0.88428,-0.1831,-0.061,-0.3052,30.0,9.0,-13.0
1756.0,3276920849.0,-0.02905,-0.45239,-0.88416,-0.1221,-0.061,-0.2441,30.0,9.0,-13.0
1757.0,3276935831.0,-0.02795,-0.45276,-0.88477,-0.061,-0.1221,-0.1831,30.0,9.0,-13.0
1758.0,3276947735.0,-0.02783,-0.45215,-0.88403,-0.061,-0.1221,-0.1831,30.0,9.0,-13.0
1759.0,3276960716.0,-0.0282,-0.45129,-0.8833,-0.061,-0.061,-0.3052,30.0,9.0,-13.0
1760.0,3276972759.0,-0.02893,-0.45142,-0.88367,-0.061,-0.061,-0.3052,30.0,9.0,-13.0
1761.0,3276988423.0,-0.02905,-0.45374,-0.88416,-0.061,-0.061,-0.2441,32.0,9.0,-12.0
1762.0,3277002849.0,-0.02759,-0.45312,-0.88391,-0.061,-0.061,-0.1831,32.0,9.0,-12.0
1763.0,3277018751.0,-0.02698,-0.45178,-0.88391,-0.1221,-0.061,-0.1831,32.0,9.0,-12.0
1764.0,3277034717.0,-0.02747,-0.45142,-0.88403,-0.1221,0.0,-0.2441,32.0,9.0,-12.0
1765.0,3277048577.0,-0.02734,-0.45215,-0.88379,-0.1831,0.0,-0.2441,32.0,9.0,-12.0
1766.0,3277061511.0,-0.02771,-0.45227,-0.88342,-0.1831,-0.061,-0.2441,32.0,9.0,-12.0
1767.0,3277076821.0,-0.02893,-0.45276,-0.8855,-0.061,0.0,-0.2441,32.0,9.0,-12.0
1768.0,3277091665.0,-0.02893,-0.45264,-0.88586,-0.061,0.0,-0.3052,32.0,9.0,-12.0
1769.0,3277107394.0,-0.02844,-0.45215,-0.88464,-0.1221,-0.061,-0.3052,32.0,9.0,-10.0
1770.0,3277122137.0,-0.02747,-0.45239,-0.88464,-0.1221,-0.061,-0.2441,32.0,9.0,-10.0
1771.0,3277138127.0,-0.02686,-0.45386,-0.88403,-0.1221,0.0,-0.1831,32.0,9.0,-10.0
1772.0,3277149848.0,-0.02832,-0.45374,-0.88452,-0.061,-0.061,-0.1831,32.0,9.0,-10.0
1773.0,3277163827.0,-0.02881,-0.45325,-0.88403,-0.1221,-0.061,-0.2441,32.0,9.0,-10.0
1774.0,3277177833.0,-0.02795,-0.45239,-0.88428,-0.1221,-0.061,-0.3052,32.0,9.0,-10.0
1775.0,3277190660.0,-0.02734,-0.45178,-0.88391,-0.061,0.0,-0.2441,32.0,9.0,-10.0
1776.0,3277203745.0,-0.02783,-0.45166,-0.88342,-0.061,0.0,-0.2441,32.0,9.0,-10.0
1777.0,3277220505.0,-0.02856,-0.45239,-0.88391,-0.1831,0.061,-0.2441,32.0,10.0,-7.0
1778.0,3277231878.0,-0.0282,-0.45239,-0.88403,-0.1831,0.061,-0.2441,32.0,10.0,-7.0
1779.0,3277246748.0,-0.02795,-0.45276,-0.88477,-0.1221,0.061,-0.3052,32.0,10.0,-7.0
1780.0,3277259833.0,-0.02808,-0.45215,-0.88489,-0.061,0.061,-0.3052,32.0,10.0,-7.0
1781.0,3277272662.0,-0.02844,-0.45105,-0.88342,-0.061,0.0,-0.2441,32.0,10.0,-7.0
1782.0,3277284740.0,-0.02832,-0.4502,-0.88367,-0.061,0.0,-0.2441,32.0,10.0,-7.0
1783.0,3277296761.0,-0.02795,-0.45044,-0.88525,-0.061,0.0,-0.2441,32.0,10.0,-7.0
1784.0,3277309733.0,-0.02869,-0.45227,-0.88379,-0.061,0.0,-0.2441,32.0,10.0,-7.0
1785.0,3277323509.0,-0.02869,-0.45276,-0.88379,-0.061,0.0,-0.2441,31.0,11.0,-8.0
1786.0,3277338435.0,-0.0282,-0.45215,-0.88367,-0.061,-0.061,-0.2441,31.0,11.0,-8.0
1787.0,3277351516.0,-0.02783,-0.45203,-0.88403,-0.1221,-0.061,-0.2441,31.0,11.0,-8.0
1788.0,3277368137.0,-0.0271,-0.45178,-0.88477,-0.1221,0.0,-0.2441,31.0,11.0,-8.0
1789.0,3277379829.0,-0.02808,-0.45239,-0.88464,-0.061,0.0,-0.2441,31.0,11.0,-8.0
1790.0,3277393661.0,-0.02869,-0.45337,-0.8844,-0.1221,0.061,-0.2441,31.0,11.0,-8.0
1791.0,3277406652.0,-0.02881,-0.45312,-0.88379,-0.1221,0.061,-0.3052,31.0,11.0,-8.0
1792.0,3277421821.0,-0.02917,-0.45288,-0.88342,-0.1221,0.0,-0.3052,31.0,11.0,-8.0
1793.0,3277437424.0,-0.02844,-0.45276,-0.88354,0.0,-0.1221,-0.1831,32.0,8.0,-12.0
1794.0,3277448505.0,-0.02844,-0.453,-0.88403,-0.061,-0.061,-0.2441,32.0,8.0,-12.0
1795.0,3277461741.0,-0.02856,-0.45325,-0.88379,-0.1221,0.0,-0.2441,32.0,8.0,-12.0
1796.0,3277475653.0,-0.02869,-0.45312,-0.88245,-0.1831,-0.061,-0.3052,32.0,8.0,-12.0
1797.0,3277489671.0,-0.02844,-0.45178,-0.88403,-0.1221,-0.061,-0.3052,32.0,8.0,-12.0
1798.0,3277506134.0,-0.02808,-0.45142,-0.88403,-0.061,-0.061,-0.1831,32.0,8.0,-12.0
1799.0,3277518834.0,-0.02844,-0.45374,-0.88428,-0.1221,0.0,-0.1831,32.0,8.0,-12.0
1800.0,3277533676.0,-0.02869,-0.4541,-0.88464,-0.1221,0.0,-0.3052,32.0,8.0,-12.0
1801.0,3277546827.0,-0.02869,-0.45264,-0.88403,-0.061,0.061,-0.3052,32.0,10.0,-6.0
1802.0,3277560653.0,-0.02893,-0.45154,-0.88416,-0.1221,0.0,-0.2441,32.0,10.0,-6.0
1803.0,3277575752.0,-0.02881,-0.4519,-0.88367,-0.1221,0.0,-0.2441,32.0,10.0,-6.0
1804.0,3277592135.0,-0.02771,-0.45227,-0.8833,-0.1221,0.0,-0.3052,32.0,10.0,-6.0
1805.0,3277603827.0,-0.02722,-0.45251,-0.88367,-0.061,0.0,-0.3052,32.0,10.0,-6.0
1806.0,3277618749.0,-0.02844,-0.45251,-0.88416,-0.061,-0.061,-0.1831,32.0,10.0,-6.0
1807.0,3277631666.0,-0.02747,-0.45325,-0.88403,-0.061,0.0,-0.2441,32.0,10.0,-6.0
1808.0,3277648135.0,-0.02686,-0.45288,-0.88354,-0.061,-0.061,-0.3052,32.0,10.0,-6.0
1809.0,3277657602.0,-0.02661,-0.45154,-0.8844,-0.061,-0.061,-0.2441,33.0,8.0,-11.0
1810.0,3277674354.0,-0.02686,-0.45142,-0.88489,-0.1221,0.0,-0.2441,33.0,8.0,-11.0
1811.0,3277690126.0,-0.02869,-0.45251,-0.8833,-0.061,0.0,-0.2441,33.0,8.0,-11.0
1812.0,3277701817.0,-0.02905,-0.45276,-0.88354,-0.061,0.0,-0.2441,33.0,8.0,-11.0
1813.0,3277717667.0,-0.02917,-0.45276,-0.88318,-0.061,0.0,-0.2441,33.0,8.0,-11.0
1814.0,3277731587.0,-0.02759,-0.45227,-0.8844,-0.1221,0.061,-0.3052,33.0,8.0,-11.0
1815.0,3277749027.0,-0.02795,-0.45215,-0.8844,-0.1831,-0.061,-0.3052,33.0,8.0,-11.0
1816.0,3277764663.0,-0.0282,-0.45264,-0.8844,-0.061,-0.061,-0.2441,33.0,8.0,-11.0
1817.0,3277781514.0,-0.02771,-0.45276,-0.88354,-0.061,-0.061,-0.2441,31.0,10.0,-10.0
1818.0,3277797826.0,-0.02747,-0.45337,-0.88269,-0.061,0.0,-0.2441,31.0,10.0,-10.0
1819.0,3277813673.0,-0.02808,-0.45337,-0.88391,-0.1221,0.0,-0.2441,31.0,10.0,-10.0
1820.0,3277830138.0,-0.02856,-0.45288,-0.88379,-0.1221,-0.061,-0.2441,31.0,10.0,-10.0
1821.0,3277841830.0,-0.02844,-0.45227,-0.88196,-0.1221,-0.061,-0.2441,31.0,10.0,-10.0
1822.0,3277856846.0,-0.02808,-0.45215,-0.88159,-0.1221,0.0,-0.2441,31.0,10.0,-10.0
1823.0,3277873753.0,-0.02759,-0.4519,-0.88391,-0.1221,-0.061,-0.3052,31.0,10.0,-10.0
1824.0,3277886669.0,-0.0282,-0.45251,-0.88354,-0.061,-0.061,-0.3052,31.0,10.0,-10.0
1825.0,3277901411.0,-0.0282,-0.45337,-0.88379,-0.061,-0.061,-0.2441,31.0,9.0,-5.0
1826.0,3277917402.0,-0.02759,-0.45264,-0.88379,-0.1221,-0.061,-0.2441,31.0,9.0,-5.0
1827.0,3277933398.0,-0.02808,-0.45276,-0.88428,-0.1221,0.0,-0.2441,31.0,9.0,-5.0
1828.0,3277946361.0,-0.02771,-0.45239,-0.88403,-0.1221,0.061,-0.2441,31.0,9.0,-5.0
1829.0,3277962373.0,-0.0282,-0.45251,-0.88477,-0.061,0.0,-0.3052,31.0,9.0,-5.0
1830.0,3277977523.0,-0.02844,-0.45239,-0.88391,-0.1221,-0.061,-0.2441,31.0,9.0,-5.0
1831.0,3277991822.0,-0.02759,-0.45203,-0.88428,-0.1221,-0.061,-0.2441,31.0,9.0,-5.0
1832.0,3278008116.0,-0.02771,-0.45227,-0.88477,-0.061,-0.061,-0.2441,31.0,9.0,-5.0
1833.0,3278019612.0,-0.02869,-0.45203,-0.88452,-0.061,0.0,-0.3052,31.0,9.0,-12.0
1834.0,3278036660.0,-0.02832,-0.45276,-0.88403,-0.061,-0.1221,-0.2441,31.0,9.0,-12.0
1835.0,3278052827.0,-0.0282,-0.45312,-0.88367,-0.061,-0.061,-0.2441,31.0,9.0,-12.0
1836.0,3278066834.0,-0.02832,-0.45312,-0.88428,-0.061,0.061,-0.3052,31.0,9.0,-12.0
1837.0,3278081729.0,-0.0282,-0.45227,-0.8833,-0.061,0.0,-0.2441,31.0,9.0,-12.0
1838.0,3278097666.0,-0.02747,-0.45264,-0.88269,-0.1221,-0.061,-0.2441,31.0,9.0,-12.0
1839.0,3278113831.0,-0.02734,-0.45251,-0.88367,-0.1221,0.0,-0.2441,31.0,9.0,-12.0
1840.0,3278128697.0,-0.02808,-0.45239,-0.88477,-0.1221,0.0,-0.2441,31.0,9.0,-12.0
1841.0,3278145620.0,-0.02917,-0.45276,-0.88464,-0.061,0.0,-0.2441,31.0,8.0,-9.0
1842.0,3278160827.0,-0.0282,-0.45239,-0.88367,-0.061,-0.061,-0.1831,31.0,8.0,-9.0
1843.0,3278175670.0,-0.02771,-0.45288,-0.88379,-0.1221,0.0,-0.2441,31.0,8.0,-9.0
1844.0,3278188582.0,-0.02771,-0.45288,-0.88379,-0.1221,0.0,-0.3052,31.0,8.0,-9.0
1845.0,3278198598.0,-0.02759,-0.45154,-0.8833,0.0,-0.061,-0.3052,31.0,8.0,-9.0
1846.0,3278211496.0,-0.02759,-0.45154,-0.8833,0.0,-0.061,-0.2441,31.0,8.0,-9.0
1847.0,3278227423.0,-0.02795,-0.4519,-0.88452,-0.061,-0.061,-0.2441,31.0,8.0,-9.0
1848.0,3278242829.0,-0.02832,-0.4519,-0.88281,-0.1221,-0.061,-0.3052,31.0,8.0,-9.0
1849.0,3278259506.0,-0.02869,-0.4519,-0.88245,-0.1831,0.061,-0.2441,32.0,8.0,-9.0
1850.0,3278273436.0,-0.02844,-0.45142,-0.88367,-0.1221,0.0,-0.2441,32.0,8.0,-9.0
1851.0,3278288817.0,-0.0282,-0.45203,-0.88403,-0.1221,-0.061,-0.3052,32.0,8.0,-9.0
1852.0,3278305735.0,-0.02905,-0.45312,-0.88452,-0.061,-0.061,-0.3052,32.0,8.0,-9.0
1853.0,3278318698.0,-0.02917,-0.45288,-0.8844,-0.1221,-0.061,-0.2441,32.0,8.0,-9.0
1854.0,3278333830.0,-0.0271,-0.45178,-0.88379,-0.1221,-0.061,-0.2441,32.0,8.0,-9.0
1855.0,3278348698.0,-0.02649,-0.45117,-0.88428,-0.061,0.0,-0.3052,32.0,8.0,-9.0
1856.0,3278363648.0,-0.02808,-0.45215,-0.88452,-0.061,0.0,-0.3052,32.0,8.0,-9.0
1857.0,3278378588.0,-0.02856,-0.45215,-0.88416,-0.1221,-0.061,-0.2441,31.0,10.0,-9.0
1858.0,3278391515.0,-0.02869,-0.45215,-0.8844,-0.1221,-0.061,-0.3052,31.0,10.0,-9.0
1859.0,3278407747.0,-0.02856,-0.45251,-0.88367,-0.061,0.0,-0.3052,31.0,10.0,-9.0
1860.0,3278421812.0,-0.02869,-0.4519,-0.8833,0.0,0.0,-0.1831,31.0,10.0,-9.0
1861.0,3278437660.0,-0.02856,-0.45142,-0.8833,-0.061,-0.061,-0.2441,31.0,10.0,-9.0
1862.0,3278451656.0,-0.02783,-0.45142,-0.88342,-0.061,-0.061,-0.3052,31.0,10.0,-9.0
1863.0,3278467745.0,-0.02808,-0.45337,-0.88379,-0.061,0.0,-0.2441,31.0,10.0,-9.0
1864.0,3278484126.0,-0.02893,-0.453,-0.88293,-0.1221,0.0,-0.1831,31.0,10.0,-9.0
1865.0,3278496598.0,-0.02808,-0.45264,-0.88293,-0.061,-0.061,-0.1831,32.0,10.0,-10.0
1866.0,3278513030.0,-0.02808,-0.45215,-0.8833,-0.061,-0.061,-0.2441,32.0,10.0,-10.0
1867.0,3278527659.0,-0.02881,-0.45117,-0.88379,-0.061,-0.1221,-0.1831,32.0,10.0,-10.0
1868.0,3278540831.0,-0.0293,-0.45093,-0.88416,0.0,-0.061,-0.2441,32.0,10.0,-10.0
1869.0,3278557124.0,-0.02869,-0.45215,-0.88232,0.0,-0.061,-0.2441,32.0,10.0,-10.0
1870.0,3278568737.0,-0.02917,-0.45264,-0.8833,-0.061,-0.061,-0.2441,32.0,10.0,-10.0
1871.0,3278584663.0,-0.02893,-0.45215,-0.88428,-0.1221,-0.061,-0.2441,32.0,10.0,-10.0
1872.0,3278597653.0,-0.02856,-0.45227,-0.88428,-0.061,-0.061,-0.2441,32.0,10.0,-10.0
1873.0,3278608503.0,-0.02771,-0.45203,-0.8844,-0.061,-0.061,-0.1831,33.0,10.0,-10.0
1874.0,3278614125.0,-0.02698,-0.45203,-0.8844,-0.061,-0.061,-0.1831,33.0,10.0,-10.0
1875.0,3278626501.0,-0.02722,-0.45203,-0.88403,-0.1221,0.0,-0.1831,33.0,10.0,-10.0
1876.0,3278638525.0,-0.02795,-0.45227,-0.88403,-0.1831,-0.061,-0.2441,33.0,10.0,-10.0
1877.0,3278653805.0,-0.0282,-0.45227,-0.88391,0.0,-0.1221,-0.2441,33.0,10.0,-10.0
1878.0,3278668819.0,-0.02808,-0.45154,-0.88403,0.061,-0.061,-0.2441,33.0,10.0,-10.0
1879.0,3278681648.0,-0.02808,-0.45129,-0.88452,0.0,0.061,-0.3052,33.0,10.0,-10.0
1880.0,3278698025.0,-0.0282,-0.45288,-0.88403,0.0,0.0,-0.2441,33.0,10.0,-10.0
1881.0,3278711103.0,-0.02661,-0.45215,-0.8844,0.0,0.0,-0.1831,31.0,10.0,-6.0
1882.0,3278725653.0,-0.02783,-0.45166,-0.88391,-0.061,-0.061,-0.1831,31.0,10.0,-6.0
1883.0,3278742118.0,-0.02869,-0.45166,-0.88428,-0.061,-0.061,-0.1831,31.0,10.0,-6.0
1884.0,3278754541.0,-0.02832,-0.45166,-0.88428,-0.1221,-0.061,-0.2441,31.0,10.0,-6.0
1885.0,3278769831.0,-0.0282,-0.45154,-0.88403,-0.061,-0.061,-0.2441,31.0,10.0,-6.0
1886.0,3278784700.0,-0.02856,-0.45215,-0.88293,0.0,0.0,-0.2441,31.0,10.0,-6.0
1887.0,3278800840.0,-0.02856,-0.45251,-0.88318,-0.1221,0.061,-0.3052,31.0,10.0,-6.0
1888.0,3278816658.0,-0.02844,-0.45288,-0.88403,-0.061,-0.061,-0.1831,31.0,10.0,-6.0
1889.0,3278833885.0,-0.0282,-0.453,-0.88391,-0.061,-0.1221,-0.1831,31.0,9.0,-11.0
1890.0,3278848694.0,-0.02747,-0.45325,-0.8844,-0.1221,-0.061,-0.1831,31.0,9.0,-11.0
1891.0,3278861694.0,-0.02795,-0.45349,-0.88501,-0.1221,-0.061,-0.1831,31.0,9.0,-11.0
1892.0,3278874695.0,-0.02832,-0.45288,-0.88428,-0.1221,-0.061,-0.2441,31.0,9.0,-11.0
1893.0,3278890833.0,-0.02832,-0.453,-0.88354,-0.1221,-0.061,-0.3052,31.0,9.0,-11.0
1894.0,3278903661.0,-0.02856,-0.45349,-0.8833,-0.1221,-0.061,-0.2441,31.0,9.0,-11.0
1895.0,3278921043.0,-0.02698,-0.45276,-0.88403,-0.1221,-0.061,-0.2441,31.0,9.0,-11.0
1896.0,3278933659.0,-0.02686,-0.4519,-0.88318,-0.1221,-0.061,-0.2441,31.0,9.0,-11.0
1897.0,3278950887.0,-0.0282,-0.45251,-0.88428,-0.1221,0.0,-0.2441,31.0,9.0,-15.0
1898.0,3278963658.0,-0.02869,-0.45264,-0.88391,-0.1221,-0.061,-0.2441,31.0,9.0,-15.0
1899.0,3278976650.0,-0.02881,-0.45215,-0.8833,-0.061,0.0,-0.1831,31.0,9.0,-15.0
1900.0,3278989556.0,-0.02881,-0.45227,-0.88403,-0.061,0.0,-0.1831,31.0,9.0,-15.0
1901.0,3279002444.0,-0.02881,-0.45239,-0.88416,-0.061,0.0,-0.1831,31.0,9.0,-15.0
1902.0,3279017110.0,-0.02881,-0.45068,-0.88379,-0.1221,0.0,-0.1831,31.0,9.0,-15.0
1903.0,3279029737.0,-0.02844,-0.45068,-0.88403,-0.1221,0.0,-0.1831,31.0,9.0,-15.0
1904.0,3279042650.0,-0.02869,-0.45166,-0.88501,-0.1221,0.0,-0.1831,31.0,9.0,-15.0
1905.0,3279064491.0,-0.0293,-0.45239,-0.88391,-0.061,-0.061,-0.2441,31.0,10.0,-10.0
1906.0,3279079742.0,-0.02832,-0.45239,-0.88354,-0.061,0.0,-0.2441,31.0,10.0,-10.0
1907.0,3279092649.0,-0.02808,-0.45276,-0.8833,-0.061,0.0,-0.2441,31.0,10.0,-10.0
1908.0,3279108819.0,-0.02747,-0.45288,-0.88391,-0.061,0.0,-0.2441,31.0,10.0,-10.0
1909.0,3279123834.0,-0.02783,-0.45203,-0.88342,-0.061,-0.061,-0.2441,31.0,10.0,-10.0
1910.0,3279136663.0,-0.02783,-0.45264,-0.88477,-0.1221,-0.061,-0.2441,31.0,10.0,-10.0
1911.0,3279154015.0,-0.02832,-0.45276,-0.88513,-0.1221,0.0,-0.2441,31.0,10.0,-10.0
1912.0,3279167694.0,-0.02869,-0.45251,-0.88379,-0.1221,-0.061,-0.2441,31.0,10.0,-10.0
1913.0,3279181498.0,-0.02893,-0.45276,-0.88354,-0.061,-0.061,-0.1831,31.0,9.0,-9.0
1914.0,3279195744.0,-0.0293,-0.45312,-0.88391,-0.1221,-0.061,-0.2441,31.0,9.0,-9.0
1915.0,3279211816.0,-0.02917,-0.45288,-0.88391,-0.1831,0.0,-0.2441,31.0,9.0,-9.0
1916.0,3279227748.0,-0.02856,-0.45251,-0.8844,-0.1221,0.0,-0.2441,31.0,9.0,-9.0
1917.0,3279237089.0,-0.02881,-0.45264,-0.88513,-0.1221,-0.061,-0.2441,31.0,9.0,-9.0
1918.0,3279248832.0,-0.02917,-0.45227,-0.8855,-0.061,-0.061,-0.2441,31.0,9.0,-9.0
1919.0,3279261660.0,-0.02881,-0.4519,-0.88477,-0.1221,0.061,-0.3052,31.0,9.0,-9.0
1920.0,3279278126.0,-0.02844,-0.45276,-0.88354,-0.061,0.0,-0.3052,31.0,9.0,-9.0
1921.0,3279290599.0,-0.02881,-0.45288,-0.88391,-0.061,0.0,-0.3052,31.0,7.0,-15.0
1922.0,3279306817.0,-0.0282,-0.45215,-0.8833,-0.061,0.0,-0.2441,31.0,7.0,-15.0
1923.0,3279321829.0,-0.02795,-0.45227,-0.88257,-0.061,-0.061,-0.1831,31.0,7.0,-15.0
1924.0,3279334657.0,-0.02808,-0.45239,-0.88306,0.0,0.0,-0.3052,31.0,7.0,-15.0
1925.0,3279351035.0,-0.02893,-0.45239,-0.8855,-0.061,0.0,-0.3052,31.0,7.0,-15.0
1926.0,3279365663.0,-0.02808,-0.45178,-0.8844,-0.1221,0.0,-0.2441,31.0,7.0,-15.0
1927.0,3279382098.0,-0.02771,-0.45178,-0.88416,-0.061,-0.061,-0.1831,31.0,7.0,-15.0
1928.0,3279394551.0,-0.02808,-0.45215,-0.88428,-0.061,0.0,-0.2441,31.0,7.0,-15.0
1929.0,3279409277.0,-0.02832,-0.45264,-0.8844,-0.061,0.0,-0.2441,31.0,10.0,-9.0
1930.0,3279424827.0,-0.0282,-0.453,-0.8844,-0.061,-0.061,-0.2441,31.0,10.0,-9.0
1931.0,3279438660.0,-0.02832,-0.45276,-0.88635,-0.1221,0.0,-0.1831,31.0,10.0,-9.0
1932.0,3279456013.0,-0.0282,-0.45239,-0.88635,-0.061,0.0,-0.1831,31.0,10.0,-9.0
1933.0,3279470642.0,-0.02734,-0.453,-0.88354,-0.061,-0.061,-0.3052,31.0,10.0,-9.0
1934.0,3279485654.0,-0.02759,-0.45337,-0.88318,-0.1221,-0.061,-0.3052,31.0,10.0,-9.0
1935.0,3279502124.0,-0.02881,-0.45276,-0.88354,-0.061,-0.061,-0.2441,31.0,10.0,-9.0
1936.0,3279513816.0,-0.02893,-0.45215,-0.88379,-0.061,0.0,-0.2441,31.0,10.0,-9.0
1937.0,3279528509.0,-0.02734,-0.45264,-0.88501,-0.1221,0.0,-0.2441,32.0,10.0,-9.0
1938.0,3279541427.0,-0.02649,-0.45361,-0.88501,-0.061,-0.061,-0.1831,32.0,10.0,-9.0
1939.0,3279557116.0,-0.02747,-0.45276,-0.88452,-0.061,-0.061,-0.2441,32.0,10.0,-9.0
1940.0,3279569487.0,-0.02881,-0.45239,-0.8844,-0.061,-0.061,-0.2441,32.0,10.0,-9.0
1941.0,3279583823.0,-0.02966,-0.45276,-0.88477,-0.061,0.0,-0.2441,32.0,10.0,-9.0
1942.0,3279596748.0,-0.0293,-0.45325,-0.88489,-0.061,0.061,-0.2441,32.0,10.0,-9.0
1943.0,3279612218.0,-0.02844,-0.45178,-0.88403,-0.061,0.061,-0.3052,32.0,10.0,-9.0
1944.0,3279625217.0,-0.02893,-0.45154,-0.8844,-0.1221,-0.061,-0.1831,32.0,10.0,-9.0
1945.0,3279640025.0,-0.02942,-0.45239,-0.88513,-0.1221,-0.061,-0.1831,30.0,8.0,-10.0
1946.0,3279652649.0,-0.02881,-0.45227,-0.88428,-0.061,0.0,-0.1831,30.0,8.0,-10.0
1947.0,3279666568.0,-0.0282,-0.45251,-0.88269,0.0,0.0,-0.2441,30.0,8.0,-10.0
1948.0,3279679449.0,-0.02881,-0.45166,-0.88379,-0.061,0.0,-0.1831,30.0,8.0,-10.0
1949.0,3279692341.0,-0.0282,-0.45129,-0.88428,-0.1221,0.0,-0.1831,30.0,8.0,-10.0
1950.0,3279707814.0,-0.0282,-0.45264,-0.88452,-0.061,0.0,-0.2441,30.0,8.0,-10.0
1951.0,3279721648.0,-0.0282,-0.45288,-0.8844,-0.061,0.0,-0.3052,30.0,8.0,-10.0
1952.0,3279736805.0,-0.02783,-0.45215,-0.88428,-0.061,-0.061,-0.2441,30.0,8.0,-10.0
1953.0,3279752600.0,-0.02808,-0.45251,-0.88428,0.0,-0.061,-0.2441,31.0,10.0,-11.0
1954.0,3279766536.0,-0.02905,-0.45251,-0.88416,-0.061,-0.061,-0.3052,31.0,10.0,-11.0
1955.0,3279776634.0,-0.02856,-0.45374,-0.88477,-0.1221,0.0,-0.2441,31.0,10.0,-11.0
1956.0,3279791827.0,-0.02771,-0.45349,-0.88416,-0.1221,-0.061,-0.2441,31.0,10.0,-11.0
1957.0,3279805805.0,-0.02759,-0.45227,-0.88342,-0.1221,-0.1831,-0.2441,31.0,10.0,-11.0
1958.0,3279821653.0,-0.0282,-0.45239,-0.88403,-0.061,-0.061,-0.3052,31.0,10.0,-11.0
1959.0,3279839645.0,-0.0282,-0.45178,-0.88403,-0.061,0.061,-0.3052,31.0,10.0,-11.0
1960.0,3279855823.0,-0.02808,-0.4519,-0.88293,-0.1221,0.0,-0.3052,31.0,10.0,-11.0
1961.0,3279871588.0,-0.02856,-0.45251,-0.88403,-0.1221,-0.061,-0.3052,32.0,10.0,-5.0
1962.0,3279881752.0,-0.02905,-0.45288,-0.88562,-0.061,-0.1221,-0.2441,32.0,10.0,-5.0
1963.0,3279897641.0,-0.02869,-0.45251,-0.8855,-0.1221,-0.061,-0.2441,32.0,10.0,-5.0
1964.0,3279911648.0,-0.0282,-0.45129,-0.88379,-0.1221,0.0,-0.3052,32.0,10.0,-5.0
1965.0,3279924564.0,-0.02869,-0.45154,-0.88403,-0.061,0.0,-0.2441,32.0,10.0,-5.0
1966.0,3279940815.0,-0.02844,-0.45264,-0.88403,-0.061,-0.061,-0.2441,32.0,10.0,-5.0
1967.0,3279953643.0,-0.02844,-0.45337,-0.88379,-0.061,-0.061,-0.2441,32.0,10.0,-5.0
1968.0,3279967648.0,-0.02856,-0.45325,-0.88342,-0.061,-0.061,-0.1831,32.0,10.0,-5.0
1969.0,3279981420.0,-0.02881,-0.45264,-0.88501,0.0,-0.061,-0.2441,32.0,10.0,-6.0
1970.0,3279997113.0,-0.02881,-0.45203,-0.88477,-0.1221,-0.061,-0.2441,32.0,10.0,-6.0
1971.0,3280008807.0,-0.02905,-0.4519,-0.88391,-0.1221,-0.061,-0.2441,32.0,10.0,-6.0
1972.0,3280022642.0,-0.02954,-0.45166,-0.88489,-0.1221,-0.061,-0.2441,32.0,10.0,-6.0
1973.0,3280035642.0,-0.02917,-0.45105,-0.88501,-0.061,-0.061,-0.3052,32.0,10.0,-6.0
1974.0,3280051099.0,-0.02686,-0.45178,-0.88318,-0.061,-0.061,-0.3052,32.0,10.0,-6.0
1975.0,3280062749.0,-0.02649,-0.45215,-0.88257,-0.1221,-0.061,-0.3052,32.0,10.0,-6.0
1976.0,3280075749.0,-0.0271,-0.45325,-0.88318,-0.061,0.0,-0.2441,32.0,10.0,-6.0
1977.0,3280092500.0,-0.02844,-0.45239,-0.88452,-0.061,0.0,-0.1831,31.0,10.0,-12.0
1978.0,3280105545.0,-0.02869,-0.45215,-0.88428,-0.1221,0.0,-0.2441,31.0,10.0,-12.0
1979.0,3280118026.0,-0.02905,-0.45227,-0.88403,-0.1221,0.0,-0.2441,31.0,10.0,-12.0
1980.0,3280130019.0,-0.02954,-0.45239,-0.88367,-0.061,-0.061,-0.2441,31.0,10.0,-12.0
1981.0,3280145755.0,-0.02942,-0.45215,-0.88354,-0.061,-0.061,-0.2441,31.0,10.0,-12.0
1982.0,3280161228.0,-0.02795,-0.45215,-0.88367,-0.061,-0.061,-0.2441,31.0,10.0,-12.0
1983.0,3280175229.0,-0.02747,-0.45239,-0.88477,0.0,-0.061,-0.2441,31.0,10.0,-12.0
1984.0,3280190254.0,-0.02771,-0.45251,-0.88501,-0.1221,-0.1221,-0.1831,31.0,10.0,-12.0
1985.0,3280206858.0,-0.02844,-0.45203,-0.88464,-0.061,-0.061,-0.2441,32.0,8.0,-12.0
1986.0,3280221644.0,-0.02942,-0.45129,-0.88281,-0.061,0.0,-0.2441,32.0,8.0,-12.0
1987.0,3280236596.0,-0.02869,-0.45178,-0.88318,-0.1221,0.0,-0.1831,32.0,8.0,-12.0
1988.0,3280251814.0,-0.02844,-0.45264,-0.88379,-0.061,0.0,-0.1831,32.0,8.0,-12.0
1989.0,3280267634.0,-0.02844,-0.45288,-0.88477,-0.061,-0.061,-0.2441,32.0,8.0,-12.0
1990.0,3280283799.0,-0.02747,-0.45264,-0.88477,-0.061,0.0,-0.2441,32.0,8.0,-12.0
1991.0,3280299712.0,-0.02832,-0.45154,-0.88367,-0.1221,0.061,-0.3052,32.0,8.0,-12.0
1992.0,3280312647.0,-0.02795,-0.45178,-0.88525,-0.1831,0.0,-0.2441,32.0,8.0,-12.0
1993.0,3280326332.0,-0.02734,-0.45215,-0.88525,-0.1221,0.0,-0.2441,31.0,8.0,-10.0
1994.0,3280340805.0,-0.02783,-0.45264,-0.88416,-0.061,-0.061,-0.2441,31.0,8.0,-10.0
1995.0,3280354641.0,-0.02808,-0.45325,-0.88464,-0.061,-0.061,-0.3052,31.0,8.0,-10.0
1996.0,3280369649.0,-0.0282,-0.45386,-0.88513,-0.061,-0.061,-0.2441,31.0,8.0,-10.0
1997.0,3280384638.0,-0.02771,-0.45337,-0.88452,-0.1221,0.0,-0.2441,31.0,8.0,-10.0
1998.0,3280399793.0,-0.02832,-0.45276,-0.88354,-0.061,0.0,-0.2441,31.0,8.0,-10.0
1999.0,3280408754.0,-0.02795,-0.453,-0.88379,0.0,0.0,-0.2441,31.0,8.0,-10.0
2000.0,3280423235.0,-0.02783,-0.45312,-0.88477,-0.061,-0.061,-0.2441,31.0,8.0,-10.0
2001.0,3280438033.0,-0.02832,-0.453,-0.88464,-0.1831,-0.061,-0.2441,32.0,10.0,-10.0
2002.0,3280450646.0,-0.0282,-0.45203,-0.88464,-0.1221,-0.061,-0.2441,32.0,10.0,-10.0
2003.0,3280464650.0,-0.02722,-0.45239,-0.88477,-0.061,-0.061,-0.2441,32.0,10.0,-10.0
2004.0,3280477754.0,-0.02759,-0.45264,-0.88354,-0.061,-0.1221,-0.2441,32.0,10.0,-10.0
2005.0,3280493647.0,-0.02856,-0.45227,-0.88416,-0.061,-0.1221,-0.1831,32.0,10.0,-10.0
2006.0,3280506024.0,-0.02856,-0.45227,-0.88452,-0.061,-0.1221,-0.1831,32.0,10.0,-10.0
2007.0,3280514793.0,-0.02856,-0.45264,-0.88525,-0.1221,-0.1221,-0.2441,32.0,10.0,-10.0
2008.0,3280530804.0,-0.02954,-0.45227,-0.88391,-0.1221,-0.061,-0.3052,32.0,10.0,-10.0
2009.0,3280545415.0,-0.02893,-0.4519,-0.88306,-0.1221,-0.061,-0.3052,31.0,7.0,-6.0
2010.0,3280560376.0,-0.02844,-0.4519,-0.88306,-0.1221,-0.061,-0.3052,31.0,7.0,-6.0
2011.0,3280573296.0,-0.0293,-0.45264,-0.88354,-0.061,-0.061,-0.2441,31.0,7.0,-6.0
2012.0,3280592349.0,-0.02893,-0.45288,-0.88391,-0.061,-0.061,-0.2441,31.0,7.0,-6.0
2013.0,3280608466.0,-0.02783,-0.453,-0.88342,-0.1221,0.0,-0.2441,31.0,7.0,-6.0
2014.0,3280619499.0,-0.02722,-0.45312,-0.88513,-0.1221,0.0,-0.3052,31.0,7.0,-6.0
2015.0,3280633233.0,-0.02734,-0.45276,-0.88501,-0.1831,0.0,-0.3052,31.0,7.0,-6.0
2016.0,3280645793.0,-0.02747,-0.45251,-0.88416,-0.1831,0.0,-0.2441,31.0,7.0,-6.0
2017.0,3280661885.0,-0.02832,-0.45203,-0.88403,-0.1831,0.0,-0.2441,30.0,9.0,-10.0
2018.0,3280678110.0,-0.02869,-0.45178,-0.88403,-0.1831,-0.061,-0.2441,30.0,9.0,-10.0
2019.0,3280689800.0,-0.02881,-0.45227,-0.88391,-0.1221,-0.061,-0.2441,30.0,9.0,-10.0
2020.0,3280704815.0,-0.02869,-0.45349,-0.8833,-0.1221,0.0,-0.2441,30.0,9.0,-10.0
2021.0,3280718761.0,-0.02893,-0.453,-0.88428,-0.061,0.0,-0.2441,30.0,9.0,-10.0
2022.0,3280734639.0,-0.02808,-0.45239,-0.8844,-0.1221,0.0,-0.2441,30.0,9.0,-10.0
2023.0,3280749595.0,-0.02759,-0.4519,-0.88367,-0.061,0.0,-0.2441,30.0,9.0,-10.0
2024.0,3280764549.0,-0.02869,-0.45215,-0.88354,0.0,-0.061,-0.2441,30.0,9.0,-10.0
2025.0,3280778274.0,-0.02856,-0.45227,-0.88367,0.0,-0.061,-0.2441,32.0,11.0,-9.0
2026.0,3280792796.0,-0.02783,-0.45276,-0.88306,-0.061,-0.061,-0.2441,32.0,11.0,-9.0
2027.0,3280809091.0,-0.02869,-0.45264,-0.88342,-0.1221,0.0,-0.2441,32.0,11.0,-9.0
2028.0,3280820729.0,-0.02917,-0.45239,-0.88391,-0.1221,0.0,-0.1831,32.0,11.0,-9.0
2029.0,3280834644.0,-0.02832,-0.45215,-0.88318,-0.1831,0.061,-0.2441,32.0,11.0,-9.0
2030.0,3280851819.0,-0.02795,-0.45264,-0.88391,-0.1221,0.0,-0.1831,32.0,11.0,-9.0
2031.0,3280865653.0,-0.02808,-0.45349,-0.88354,-0.061,-0.061,-0.1221,32.0,11.0,-9.0
2032.0,3280881079.0,-0.02808,-0.45251,-0.8833,-0.1221,-0.061,-0.1831,32.0,11.0,-9.0
2033.0,3280893585.0,-0.02832,-0.45264,-0.88391,-0.1221,0.0,-0.1831,31.0,11.0,-14.0
2034.0,3280908794.0,-0.02856,-0.45288,-0.88367,0.0,-0.061,-0.3052,31.0,11.0,-14.0
2035.0,3280925117.0,-0.02844,-0.45325,-0.88501,0.0,-0.1221,-0.2441,31.0,11.0,-14.0
2036.0,3280937726.0,-0.02808,-0.45264,-0.88452,-0.061,-0.1221,-0.1831,31.0,11.0,-14.0
2037.0,3280952799.0,-0.02844,-0.45251,-0.88452,-0.2441,0.0,-0.3052,31.0,11.0,-14.0
2038.0,3280969093.0,-0.02832,-0.45312,-0.88538,-0.1221,-0.061,-0.2441,31.0,11.0,-14.0
2039.0,3280985113.0,-0.02893,-0.45264,-0.88342,-0.061,-0.1221,-0.2441,31.0,11.0,-14.0
2040.0,3281001104.0,-0.02881,-0.45361,-0.88306,-0.061,-0.061,-0.3052,31.0,11.0,-14.0
2041.0,3281014304.0,-0.02856,-0.45386,-0.88354,-0.1221,-0.061,-0.3052,31.0,9.0,-12.0
2042.0,3281030098.0,-0.02832,-0.45325,-0.88367,-0.1221,0.0,-0.2441,31.0,9.0,-12.0
2043.0,3281042705.0,-0.02844,-0.45288,-0.88232,-0.1221,-0.061,-0.3052,31.0,9.0,-12.0
2044.0,3281055678.0,-0.02881,-0.45251,-0.88318,-0.061,-0.061,-0.2441,31.0,9.0,-12.0
2045.0,3281068678.0,-0.02917,-0.45251,-0.88428,-0.061,-0.061,-0.2441,31.0,9.0,-12.0
2046.0,3281085090.0,-0.02869,-0.45288,-0.88416,-0.061,-0.061,-0.2441,31.0,9.0,-12.0
2047.0,3281101232.0,-0.02795,-0.45337,-0.88452,-0.061,-0.1221,-0.2441,31.0,9.0,-12.0
2048.0,3281115236.0,-0.02771,-0.45251,-0.88416,-0.061,-0.061,-0.2441,31.0,9.0,-12.0
2049.0,3281131043.0,-0.02795,-0.45264,-0.88428,0.0,-0.061,-0.2441,31.0,11.0,-9.0
2050.0,3281145650.0,-0.02856,-0.45251,-0.88391,-0.061,-0.061,-0.1831,31.0,11.0,-9.0
2051.0,3281161638.0,-0.02893,-0.45312,-0.88391,-0.1221,-0.061,-0.1831,31.0,11.0,-9.0
2052.0,3281177803.0,-0.02881,-0.45239,-0.88501,-0.1831,-0.061,-0.2441,31.0,11.0,-9.0
2053.0,3281191228.0,-0.02869,-0.45203,-0.88501,-0.1221,-0.061,-0.2441,31.0,11.0,-9.0
2054.0,3281207008.0,-0.02808,-0.45288,-0.88354,-0.1221,-0.061,-0.2441,31.0,11.0,-9.0
2055.0,3281220629.0,-0.02759,-0.45264,-0.88342,-0.061,-0.061,-0.1831,31.0,11.0,-9.0
2056.0,3281237732.0,-0.02734,-0.45239,-0.88354,-0.061,-0.061,-0.2441,31.0,11.0,-9.0
2057.0,3281252409.0,-0.02783,-0.4519,-0.8844,-0.1221,-0.061,-0.2441,31.0,8.0,-8.0
2058.0,3281264536.0,-0.02771,-0.4519,-0.88354,-0.1221,-0.061,-0.2441,31.0,8.0,-8.0
2059.0,3281281241.0,-0.02832,-0.45166,-0.88245,-0.061,-0.061,-0.2441,31.0,8.0,-8.0
2060.0,3281294241.0,-0.02893,-0.45239,-0.88367,-0.061,-0.061,-0.2441,31.0,8.0,-8.0
2061.0,3281307241.0,-0.02832,-0.45288,-0.88379,-0.061,-0.061,-0.1831,31.0,8.0,-8.0
2062.0,3281320242.0,-0.02759,-0.45288,-0.8833,-0.061,-0.061,-0.2441,31.0,8.0,-8.0
2063.0,3281334242.0,-0.02832,-0.45251,-0.88391,-0.061,0.0,-0.2441,31.0,8.0,-8.0
2064.0,3281344097.0,-0.02905,-0.45312,-0.88403,-0.1221,0.0,-0.2441,31.0,8.0,-8.0
2065.0,3281357577.0,-0.02893,-0.45337,-0.88403,-0.1831,-0.061,-0.3052,32.0,12.0,-10.0
2066.0,3281372549.0,-0.02832,-0.45325,-0.88354,-0.1831,-0.061,-0.3052,32.0,12.0,-10.0
2067.0,3281387795.0,-0.02759,-0.45251,-0.88403,-0.1831,0.0,-0.2441,32.0,12.0,-10.0
2068.0,3281400676.0,-0.02722,-0.45215,-0.88416,-0.1221,0.0,-0.2441,32.0,12.0,-10.0
2069.0,3281416642.0,-0.02893,-0.45117,-0.88293,-0.061,-0.061,-0.3052,32.0,12.0,-10.0
2070.0,3281430792.0,-0.02881,-0.45142,-0.8833,-0.1221,-0.061,-0.2441,32.0,12.0,-10.0
2071.0,3281446108.0,-0.02844,-0.45337,-0.88403,-0.1221,-0.061,-0.2441,32.0,12.0,-10.0
2072.0,3281459724.0,-0.02808,-0.45264,-0.88452,-0.1221,-0.061,-0.2441,32.0,12.0,-10.0
2073.0,3281473444.0,-0.02795,-0.4519,-0.8844,-0.061,0.0,-0.2441,30.0,9.0,-11.0
2074.0,3281489397.0,-0.02783,-0.45178,-0.88489,-0.061,0.0,-0.2441,30.0,9.0,-11.0
2075.0,3281504797.0,-0.02759,-0.45142,-0.88501,-0.061,0.0,-0.1831,30.0,9.0,-11.0
2076.0,3281517625.0,-0.02759,-0.45203,-0.88452,-0.1221,0.0,-0.2441,30.0,9.0,-11.0
2077.0,3281534091.0,-0.02856,-0.45129,-0.8844,-0.1221,0.0,-0.2441,30.0,9.0,-11.0
2078.0,3281545824.0,-0.02917,-0.45117,-0.88464,-0.061,-0.061,-0.2441,30.0,9.0,-11.0
2079.0,3281561630.0,-0.02979,-0.45081,-0.88489,-0.061,0.0,-0.2441,30.0,9.0,-11.0
2080.0,3281574543.0,-0.02917,-0.45105,-0.88428,-0.1221,0.0,-0.2441,30.0,9.0,-11.0
2081.0,3281588322.0,-0.02808,-0.45361,-0.88452,-0.1221,0.0,-0.2441,31.0,4.0,-14.0
2082.0,3281604009.0,-0.02844,-0.45361,-0.8844,-0.1221,0.0,-0.2441,31.0,4.0,-14.0
2083.0,3281621624.0,-0.0293,-0.45129,-0.8844,-0.061,-0.061,-0.2441,31.0,4.0,-14.0
2084.0,3281638195.0,-0.02917,-0.4519,-0.88452,-0.1221,-0.061,-0.2441,31.0,4.0,-14.0
2085.0,3281655003.0,-0.02917,-0.45227,-0.88477,-0.1221,-0.061,-0.2441,31.0,4.0,-14.0
2086.0,3281669631.0,-0.02795,-0.45203,-0.88342,-0.1221,0.0,-0.2441,31.0,4.0,-14.0
2087.0,3281684586.0,-0.02869,-0.45288,-0.8833,-0.1221,0.0,-0.2441,31.0,4.0,-14.0
2088.0,3281700549.0,-0.02856,-0.453,-0.88428,-0.061,0.0,-0.3052,31.0,4.0,-14.0
2089.0,3281717278.0,-0.02844,-0.45203,-0.88477,0.0,0.0,-0.3052,32.0,7.0,-12.0
2090.0,3281728793.0,-0.02783,-0.4519,-0.88416,0.0,0.0,-0.3662,32.0,7.0,-12.0
2091.0,3281741676.0,-0.02783,-0.45276,-0.88379,-0.1221,0.0,-0.2441,32.0,7.0,-12.0
2092.0,3281759005.0,-0.0293,-0.45251,-0.88318,-0.1221,0.0,-0.2441,32.0,7.0,-12.0
2093.0,3281771706.0,-0.02917,-0.45264,-0.88342,-0.1221,0.0,-0.3052,32.0,7.0,-12.0
2094.0,3281786807.0,-0.02844,-0.45264,-0.88403,-0.061,0.0,-0.3052,32.0,7.0,-12.0
2095.0,3281803100.0,-0.02832,-0.45264,-0.88391,-0.061,0.0,-0.3052,32.0,7.0,-12.0
2096.0,3281815249.0,-0.02832,-0.45227,-0.8844,-0.061,-0.061,-0.2441,32.0,7.0,-12.0
2097.0,3281829042.0,-0.0282,-0.45215,-0.88391,-0.061,-0.061,-0.2441,32.0,10.0,-11.0
2098.0,3281844231.0,-0.02783,-0.45276,-0.88367,-0.061,-0.061,-0.3052,32.0,10.0,-11.0
2099.0,3281857345.0,-0.02783,-0.45227,-0.88403,-0.061,-0.061,-0.3052,32.0,10.0,-11.0
2100.0,3281875450.0,-0.0282,-0.45276,-0.88367,-0.061,0.0,-0.3052,32.0,10.0,-11.0
2101.0,3281889378.0,-0.02832,-0.45312,-0.88354,-0.061,0.0,-0.2441,32.0,10.0,-11.0
2102.0,3281904370.0,-0.02844,-0.45288,-0.88354,-0.1221,0.0,-0.1831,32.0,10.0,-11.0
2103.0,3281917351.0,-0.02783,-0.45166,-0.88403,-0.1221,0.0,-0.2441,32.0,10.0,-11.0
2104.0,3281933105.0,-0.02783,-0.45154,-0.88452,-0.061,-0.061,-0.2441,32.0,10.0,-11.0
2105.0,3281946488.0,-0.02759,-0.45239,-0.88501,-0.1221,-0.061,-0.2441,30.0,5.0,-11.0
2106.0,3281961795.0,-0.02747,-0.45312,-0.88403,-0.1221,-0.1221,-0.2441,30.0,5.0,-11.0
2107.0,3281971711.0,-0.02832,-0.45251,-0.88367,-0.061,0.0,-0.2441,30.0,5.0,-11.0
2108.0,3281985638.0,-0.02844,-0.45203,-0.88464,-0.061,0.0,-0.2441,30.0,5.0,-11.0
2109.0,3281995912.0,-0.02893,-0.45166,-0.88391,-0.061,0.0,-0.2441,30.0,5.0,-11.0
2110.0,3282010632.0,-0.02893,-0.45178,-0.88342,-0.1221,-0.061,-0.1831,30.0,5.0,-11.0
2111.0,3282023012.0,-0.02869,-0.45264,-0.8833,-0.1221,-0.061,-0.1831,30.0,5.0,-11.0
2112.0,3282038791.0,-0.02893,-0.45312,-0.88452,-0.061,-0.061,-0.2441,30.0,5.0,-11.0
2113.0,3282056020.0,-0.02905,-0.45215,-0.88477,-0.1221,0.0,-0.2441,31.0,9.0,-9.0
2114.0,3282072251.0,-0.02795,-0.45239,-0.88281,-0.1221,0.0,-0.1831,31.0,9.0,-9.0
2115.0,3282088015.0,-0.02869,-0.453,-0.88391,-0.061,-0.1221,-0.2441,31.0,9.0,-9.0
2116.0,3282100629.0,-0.02893,-0.45239,-0.88379,-0.061,-0.061,-0.1831,31.0,9.0,-9.0
2117.0,3282113592.0,-0.02869,-0.45178,-0.88306,-0.1221,0.0,-0.1831,31.0,9.0,-9.0
2118.0,3282127809.0,-0.02759,-0.45251,-0.88501,-0.061,0.0,-0.2441,31.0,9.0,-9.0
2119.0,3282140635.0,-0.02734,-0.45288,-0.88477,-0.061,0.0,-0.2441,31.0,9.0,-9.0
2120.0,3282157101.0,-0.02795,-0.45203,-0.88245,-0.061,0.0,-0.2441,31.0,9.0,-9.0
2121.0,3282169575.0,-0.02771,-0.45264,-0.88281,-0.1221,-0.061,-0.2441,30.0,9.0,-12.0
2122.0,3282178634.0,-0.02771,-0.453,-0.88428,-0.1221,0.0,-0.2441,30.0,9.0,-12.0
2123.0,3282192550.0,-0.02783,-0.45276,-0.88464,-0.061,0.0,-0.2441,30.0,9.0,-12.0
2124.0,3282207794.0,-0.02747,-0.45251,-0.88416,-0.061,-0.061,-0.2441,30.0,9.0,-12.0
2125.0,3282222636.0,-0.0282,-0.45178,-0.88403,-0.061,-0.061,-0.2441,30.0,9.0,-12.0
2126.0,3282235549.0,-0.02881,-0.45166,-0.88452,-0.061,-0.061,-0.1831,30.0,9.0,-12.0
2127.0,3282252103.0,-0.02869,-0.45154,-0.88464,-0.1221,0.0,-0.1221,30.0,9.0,-12.0
2128.0,3282263794.0,-0.02869,-0.45129,-0.88391,-0.1221,0.0,-0.3052,30.0,9.0,-12.0
2129.0,3282279045.0,-0.02795,-0.45239,-0.88428,0.0,-0.061,-0.3052,31.0,10.0,-10.0
2130.0,3282291635.0,-0.02771,-0.45251,-0.88452,-0.1221,-0.061,-0.2441,31.0,10.0,-10.0
2131.0,3282304548.0,-0.02832,-0.45215,-0.88342,-0.1221,-0.061,-0.2441,31.0,10.0,-10.0
2132.0,3282321101.0,-0.02771,-0.45288,-0.88293,-0.061,0.0,-0.2441,31.0,10.0,-10.0
2133.0,3282332793.0,-0.0282,-0.45276,-0.88403,-0.061,0.0,-0.3052,31.0,10.0,-10.0
2134.0,3282347208.0,-0.0282,-0.45276,-0.88391,-0.1221,0.061,-0.3052,31.0,10.0,-10.0
2135.0,3282362188.0,-0.02698,-0.45166,-0.88428,-0.1221,0.0,-0.3052,31.0,10.0,-10.0
2136.0,3282374693.0,-0.02747,-0.45178,-0.88464,-0.1221,0.0,-0.2441,31.0,10.0,-10.0
2137.0,3282389084.0,-0.02881,-0.453,-0.88452,-0.1221,0.1221,-0.2441,32.0,8.0,-12.0
2138.0,3282400696.0,-0.02881,-0.45288,-0.88391,-0.1221,0.061,-0.2441,32.0,8.0,-12.0
2139.0,3282414622.0,-0.02856,-0.45312,-0.88501,-0.1221,0.0,-0.3052,32.0,8.0,-12.0
2140.0,3282431191.0,-0.02771,-0.45166,-0.88318,-0.061,0.0,-0.3052,32.0,8.0,-12.0
2141.0,3282447079.0,-0.02808,-0.45105,-0.88416,-0.061,-0.1221,-0.3662,32.0,8.0,-12.0
2142.0,3282452689.0,-0.02832,-0.45227,-0.8844,-0.061,-0.1221,-0.3662,32.0,8.0,-12.0
2143.0,3282470618.0,-0.02759,-0.45349,-0.88611,-0.1221,-0.1221,-0.3662,32.0,8.0,-12.0
2144.0,3282486806.0,-0.02795,-0.45386,-0.8855,-0.1831,-0.061,-0.3662,32.0,8.0,-12.0
2145.0,3282503389.0,-0.02856,-0.45276,-0.88281,-0.1831,0.0,-0.3662,31.0,8.0,-9.0
2146.0,3282519100.0,-0.02844,-0.45312,-0.88489,-0.1831,-0.061,-0.3662,31.0,8.0,-9.0
2147.0,3282531538.0,-0.02905,-0.45288,-0.88501,-0.1221,-0.061,-0.3662,31.0,8.0,-9.0
2148.0,3282547489.0,-0.02856,-0.45215,-0.88525,-0.1221,-0.061,-0.3662,31.0,8.0,-9.0
2149.0,3282562804.0,-0.02832,-0.45142,-0.88513,-0.1221,-0.061,-0.4272,31.0,8.0,-9.0
2150.0,3282576637.0,-0.02808,-0.45276,-0.88477,-0.061,-0.1221,-0.4883,31.0,8.0,-9.0
2151.0,3282593990.0,-0.02747,-0.453,-0.8855,-0.061,-0.1221,-0.3662,31.0,8.0,-9.0
2152.0,3282607668.0,-0.02771,-0.45215,-0.88525,-0.1221,0.0,-0.3052,31.0,8.0,-9.0
2153.0,3282624376.0,-0.02771,-0.45276,-0.88403,-0.1221,-0.061,-0.2441,30.0,8.0,-12.0
2154.0,3282637784.0,-0.02869,-0.45251,-0.88428,-0.1221,-0.061,-0.2441,30.0,8.0,-12.0
2155.0,3282651620.0,-0.02832,-0.45142,-0.88452,-0.1221,0.061,-0.3662,30.0,8.0,-12.0
2156.0,3282665612.0,-0.02783,-0.45251,-0.88428,-0.061,0.0,-0.3052,30.0,8.0,-12.0
2157.0,3282679784.0,-0.02832,-0.4519,-0.88538,-0.061,0.0,-0.2441,30.0,8.0,-12.0
2158.0,3282695710.0,-0.02808,-0.45154,-0.88513,-0.061,-0.061,-0.2441,30.0,8.0,-12.0
2159.0,3282710664.0,-0.02832,-0.453,-0.88367,-0.061,-0.061,-0.2441,30.0,8.0,-12.0
2160.0,3282725624.0,-0.02893,-0.453,-0.88464,-0.061,-0.061,-0.2441,30.0,8.0,-12.0
2161.0,3282739387.0,-0.0293,-0.45251,-0.88477,-0.061,-0.061,-0.2441,30.0,7.0,-9.0
2162.0,3282752985.0,-0.0282,-0.4519,-0.88416,-0.1221,-0.1221,-0.1831,30.0,7.0,-9.0
2163.0,3282767614.0,-0.02722,-0.45215,-0.88525,-0.1221,0.0,-0.3052,30.0,7.0,-9.0
2164.0,3282782804.0,-0.0271,-0.45239,-0.88464,-0.1221,0.0,-0.3662,30.0,7.0,-9.0
2165.0,3282798623.0,-0.02771,-0.45227,-0.88379,-0.061,-0.061,-0.3052,30.0,7.0,-9.0
2166.0,3282813787.0,-0.02844,-0.45251,-0.88403,-0.061,-0.061,-0.2441,30.0,7.0,-9.0
2167.0,3282827669.0,-0.02844,-0.4519,-0.88416,-0.1221,-0.061,-0.2441,30.0,7.0,-9.0
2168.0,3282844078.0,-0.02832,-0.45178,-0.8833,-0.1221,0.0,-0.2441,30.0,7.0,-9.0
2169.0,3282857004.0,-0.02869,-0.45203,-0.8833,-0.061,0.0,-0.3052,31.0,7.0,-9.0
2170.0,3282871619.0,-0.02795,-0.45312,-0.8844,-0.1221,-0.061,-0.3052,31.0,7.0,-9.0
2171.0,3282886787.0,-0.02759,-0.45288,-0.88464,-0.1221,0.0,-0.2441,31.0,7.0,-9.0
2172.0,3282900788.0,-0.02783,-0.453,-0.88525,-0.1221,0.061,-0.1831,31.0,7.0,-9.0
2173.0,3282915624.0,-0.02747,-0.45349,-0.88538,-0.061,0.0,-0.1831,31.0,7.0,-9.0
2174.0,3282932090.0,-0.02844,-0.45325,-0.8844,-0.1221,0.0,-0.2441,31.0,7.0,-9.0
2175.0,3282944214.0,-0.02917,-0.45203,-0.8833,-0.1221,0.061,-0.2441,31.0,7.0,-9.0
2176.0,3282960075.0,-0.02844,-0.45276,-0.88367,-0.1221,-0.061,-0.2441,31.0,7.0,-9.0
2177.0,3282972580.0,-0.02795,-0.45325,-0.88416,-0.061,-0.061,-0.2441,32.0,6.0,-7.0
2178.0,3282986577.0,-0.02795,-0.45312,-0.88403,-0.061,0.0,-0.1831,32.0,6.0,-7.0
2179.0,3283003074.0,-0.02905,-0.45325,-0.88245,-0.061,0.0,-0.2441,32.0,6.0,-7.0
2180.0,3283011383.0,-0.02856,-0.45276,-0.88318,-0.061,0.0,-0.2441,32.0,6.0,-7.0
2181.0,3283026312.0,-0.02808,-0.45215,-0.88379,-0.061,0.0,-0.2441,32.0,6.0,-7.0
2182.0,3283040239.0,-0.0282,-0.4519,-0.88403,-0.061,-0.1221,-0.1831,32.0,6.0,-7.0
2183.0,3283054202.0,-0.02783,-0.45178,-0.88281,-0.1221,-0.1221,-0.1831,32.0,6.0,-7.0
2184.0,3283069187.0,-0.02795,-0.4519,-0.88367,-0.1221,-0.061,-0.2441,32.0,6.0,-7.0
2185.0,3283086007.0,-0.02808,-0.45251,-0.88403,-0.1221,0.0,-0.2441,31.0,8.0,-10.0
2186.0,3283097984.0,-0.02856,-0.453,-0.88281,-0.061,0.0,-0.2441,31.0,8.0,-10.0
2187.0,3283110628.0,-0.02917,-0.45325,-0.88281,-0.061,-0.061,-0.2441,31.0,8.0,-10.0
2188.0,3283119714.0,-0.02783,-0.45203,-0.88489,-0.061,-0.061,-0.2441,31.0,8.0,-10.0
2189.0,3283136802.0,-0.02722,-0.45215,-0.88525,-0.061,-0.061,-0.2441,31.0,8.0,-10.0
2190.0,3283149803.0,-0.02759,-0.45264,-0.8844,-0.1221,-0.061,-0.2441,31.0,8.0,-10.0
2191.0,3283164615.0,-0.02905,-0.45178,-0.88379,-0.061,-0.061,-0.2441,31.0,8.0,-10.0
2192.0,3283178612.0,-0.02893,-0.45129,-0.88342,-0.061,-0.061,-0.2441,31.0,8.0,-10.0
2193.0,3283193372.0,-0.02917,-0.45276,-0.88428,-0.1221,0.0,-0.3052,33.0,8.0,-6.0
2194.0,3283205985.0,-0.02832,-0.45435,-0.88599,-0.1221,0.0,-0.3052,33.0,8.0,-6.0
2195.0,3283220795.0,-0.02832,-0.45312,-0.88403,-0.1221,0.0,-0.2441,33.0,8.0,-6.0
2196.0,3283233614.0,-0.02905,-0.45264,-0.88379,-0.1221,0.0,-0.2441,33.0,8.0,-6.0
2197.0,3283246461.0,-0.02942,-0.45251,-0.88391,-0.1221,-0.061,-0.2441,33.0,8.0,-6.0
2198.0,3283262454.0,-0.0282,-0.45239,-0.8844,-0.061,-0.061,-0.2441,33.0,8.0,-6.0
2199.0,3283278456.0,-0.02832,-0.45264,-0.88379,0.0,0.0,-0.2441,33.0,8.0,-6.0
2200.0,3283292323.0,-0.02869,-0.4519,-0.88354,-0.061,0.0,-0.3052,33.0,8.0,-6.0
2201.0,3283308574.0,-0.02869,-0.45251,-0.88379,-0.1221,0.0,-0.3052,33.0,10.0,-12.0
2202.0,3283322497.0,-0.02869,-0.45129,-0.88452,-0.061,-0.061,-0.1831,33.0,10.0,-12.0
2203.0,3283335079.0,-0.02795,-0.45203,-0.8844,-0.061,-0.061,-0.2441,33.0,10.0,-12.0
2204.0,3283347200.0,-0.02795,-0.45264,-0.88416,-0.061,-0.061,-0.2441,33.0,10.0,-12.0
2205.0,3283362790.0,-0.02844,-0.45288,-0.88464,-0.061,-0.1221,-0.2441,33.0,10.0,-12.0
2206.0,3283377626.0,-0.02856,-0.45264,-0.88464,-0.061,-0.1221,-0.1831,33.0,10.0,-12.0
2207.0,3283393616.0,-0.02869,-0.45227,-0.88354,-0.1221,-0.061,-0.2441,33.0,10.0,-12.0
2208.0,3283409790.0,-0.02808,-0.45251,-0.88379,-0.061,0.0,-0.2441,33.0,10.0,-12.0
2209.0,3283421826.0,-0.02783,-0.45312,-0.8844,-0.1221,0.0,-0.2441,30.0,10.0,-5.0
2210.0,3283436802.0,-0.02917,-0.45264,-0.88367,-0.1221,-0.061,-0.2441,30.0,10.0,-5.0
2211.0,3283449617.0,-0.02966,-0.45312,-0.88452,0.0,-0.061,-0.2441,30.0,10.0,-5.0
2212.0,3283462529.0,-0.02917,-0.4541,-0.88501,0.0,-0.061,-0.2441,30.0,10.0,-5.0
2213.0,3283475462.0,-0.02759,-0.45276,-0.88306,-0.061,-0.061,-0.3052,30.0,10.0,-5.0
2214.0,3283488403.0,-0.02808,-0.45227,-0.88293,-0.1221,-0.061,-0.3052,30.0,10.0,-5.0
2215.0,3283503068.0,-0.02856,-0.45203,-0.8833,-0.1221,-0.1221,-0.2441,30.0,10.0,-5.0
2216.0,3283515198.0,-0.02832,-0.45178,-0.88403,-0.061,-0.1221,-0.2441,30.0,10.0,-5.0
2217.0,3283530558.0,-0.0282,-0.4519,-0.88403,-0.1221,0.0,-0.2441,31.0,9.0,-8.0
2218.0,3283543455.0,-0.0282,-0.4519,-0.88416,-0.1221,-0.061,-0.2441,31.0,9.0,-8.0
2219.0,3283558796.0,-0.02783,-0.45203,-0.88452,-0.1221,-0.061,-0.2441,31.0,9.0,-8.0
2220.0,3283573794.0,-0.02832,-0.4519,-0.8833,-0.1221,-0.061,-0.2441,31.0,9.0,-8.0
2221.0,3283590075.0,-0.02844,-0.45251,-0.88367,-0.1221,0.0,-0.1831,31.0,9.0,-8.0
2222.0,3283602203.0,-0.02869,-0.45264,-0.88379,-0.061,0.0,-0.1831,31.0,9.0,-8.0
2223.0,3283615713.0,-0.02759,-0.453,-0.88477,-0.1221,-0.061,-0.2441,31.0,9.0,-8.0
2224.0,3283632066.0,-0.02771,-0.45264,-0.8844,-0.1221,0.0,-0.2441,31.0,9.0,-8.0
2225.0,3283645012.0,-0.02844,-0.453,-0.88269,-0.061,0.0,-0.3052,31.0,9.0,-11.0
2226.0,3283661088.0,-0.02844,-0.453,-0.88293,-0.061,-0.061,-0.3052,31.0,9.0,-11.0
2227.0,3283674620.0,-0.02856,-0.45264,-0.88452,-0.061,-0.061,-0.3052,31.0,9.0,-11.0
2228.0,3283691192.0,-0.02881,-0.45276,-0.88452,-0.061,0.0,-0.2441,31.0,9.0,-11.0
2229.0,3283706794.0,-0.0282,-0.45276,-0.88477,-0.1221,0.0,-0.2441,31.0,9.0,-11.0
2230.0,3283718980.0,-0.02783,-0.45239,-0.88525,-0.1221,0.0,-0.2441,31.0,9.0,-11.0
2231.0,3283731005.0,-0.02783,-0.45215,-0.88489,-0.061,-0.1221,-0.2441,31.0,9.0,-11.0
2232.0,3283746697.0,-0.02869,-0.45239,-0.88428,-0.061,-0.061,-0.3052,31.0,9.0,-11.0
2233.0,3283761381.0,-0.02856,-0.45276,-0.88477,-0.061,-0.061,-0.2441,30.0,6.0,-12.0
2234.0,3283775379.0,-0.02832,-0.45215,-0.8844,-0.061,-0.061,-0.2441,30.0,6.0,-12.0
2235.0,3283791370.0,-0.02795,-0.45203,-0.88367,-0.1221,-0.061,-0.2441,30.0,6.0,-12.0
2236.0,3283803608.0,-0.02747,-0.4519,-0.88281,-0.1221,0.0,-0.2441,30.0,6.0,-12.0
